760506000.0,3054,7.9
309404000.0,1238,7.1
200074000.0,994,6.8
448131000.0,2701,8.5
73058700.0,738,6.6
336530000.0,1902,6.2
200807000.0,387,7.8
458992000.0,1117,7.5
301957000.0,973,7.5
330249000.0,3018,6.9
200069000.0,2367,6.1
168368000.0,1243,6.7
423033000.0,1832,7.3
89289900.0,711,6.5
291022000.0,2536,7.2
141614000.0,438,6.6
623280000.0,1722,8.1
241064000.0,484,6.7
179021000.0,341,6.8
255108000.0,802,7.5
262031000.0,1225,7.0
105220000.0,546,6.7
258355000.0,951,7.9
70083500.0,666,6.1
218051000.0,2618,7.2
658672000.0,2528,7.7
407197000.0,1022,8.2
65173200.0,751,5.9
652177000.0,1290,7.0
304360000.0,1498,7.8
373378000.0,1303,7.3
408992000.0,1187,7.2
334185000.0,736,6.5
234360000.0,1912,6.8
268488000.0,265,7.3
402077000.0,1439,6.0
245428000.0,918,5.7
234903000.0,511,6.4
202854000.0,1067,6.7
172052000.0,665,6.8
191451000.0,283,6.3
116593000.0,550,5.6
414985000.0,733,8.3
125320000.0,974,6.6
350034000.0,657,7.2
202352000.0,995,7.0
233915000.0,752,8.0
228756000.0,1171,7.8
65171900.0,205,6.3
144813000.0,753,7.3
90755600.0,453,6.6
101785000.0,1106,7.0
352359000.0,899,6.3
317011000.0,2054,6.2
123070000.0,345,6.8
237282000.0,428,7.2
130469000.0,432,7.5
223807000.0,1043,8.4
140081000.0,221,6.2
166112000.0,1055,5.8
137850000.0,249,6.8
47375300.0,720,5.4
124052000.0,239,6.6
291710000.0,1463,6.9
154985000.0,622,7.3
533316000.0,4667,9.0
292980000.0,704,8.3
198332000.0,187,6.5
318298000.0,1055,7.9
73820100.0,678,7.5
113745000.0,648,4.8
102176000.0,501,5.2
161087000.0,971,6.9
100290000.0,257,5.4
100190000.0,741,7.9
88246200.0,309,6.1
150168000.0,534,5.8
356454000.0,773,8.3
362645000.0,398,7.8
312057000.0,723,7.0
155112000.0,710,6.1
241407000.0,634,7.0
208544000.0,620,7.6
0.0,15,4.5
38297300.0,324,6.3
259747000.0,742,7.8
238372000.0,173,6.4
93417900.0,497,6.5
222488000.0,433,7.9
189413000.0,345,7.8
665426.0,444,6.6
102316000.0,520,5.5
217388000.0,492,8.2
150350000.0,1676,6.4
333131000.0,1097,8.1
187991000.0,2725,8.6
292569000.0,2803,8.8
0.0,13,8.2
303001000.0,1367,7.9
144512000.0,988,6.7
127491000.0,822,7.8
146405000.0,698,7.8
281666000.0,383,6.6
63143800.0,238,6.1
60655500.0,629,5.6
76846600.0,131,6.4
320707000.0,326,6.1
46979000.0,781,7.3
89732000.0,867,6.6
104384000.0,227,6.3
198540000.0,1999,6.1
318760000.0,1782,7.1
34293800.0,1390,5.5
292001000.0,1108,7.5
289994000.0,1896,7.6
227946000.0,590,6.4
256386000.0,1413,7.2
206456000.0,1361,6.7
206435000.0,626,8.0
205344000.0,2685,8.3
179983000.0,119,6.7
177244000.0,209,5.9
179883000.0,641,6.7
139260000.0,2121,6.7
400737000.0,904,7.6
281492000.0,2789,7.2
206360000.0,532,7.1
153629000.0,1588,8.1
133376000.0,435,6.7
181015000.0,738,7.0
114054000.0,178,6.9
119420000.0,90,5.1
83640400.0,253,5.8
79711700.0,479,6.2
195001000.0,440,7.4
61937500.0,432,5.8
124052000.0,239,6.6
126597000.0,206,6.2
165230000.0,209,7.3
131565000.0,1382,4.2
133382000.0,871,6.9
73103800.0,434,6.4
21379300.0,112,5.4
64459300.0,122,6.7
34964800.0,186,5.8
111506000.0,130,6.9
133228000.0,1694,7.2
216367000.0,154,6.9
160201000.0,1185,6.1
118100000.0,1211,5.5
201573000.0,1171,6.6
190419000.0,606,6.1
82162000.0,505,6.3
143523000.0,145,7.2
209365000.0,512,7.4
103401000.0,174,7.3
110333000.0,258,6.1
111111000.0,928,7.7
65007000.0,657,6.1
257704000.0,1559,8.0
403706000.0,2012,7.3
176997000.0,343,7.9
31141100.0,273,5.5
31704400.0,388,5.0
107503000.0,1229,7.7
129735000.0,287,6.6
132123000.0,1445,5.7
122512000.0,288,5.8
68642400.0,463,6.0
32131800.0,788,6.4
176637000.0,679,6.9
126931000.0,683,6.4
93926400.0,684,7.4
292299000.0,329,5.5
63992300.0,79,5.9
134518000.0,643,6.8
0.0,74,7.5
52792300.0,106,6.8
183636000.0,1188,8.1
83024900.0,90,6.5
123207000.0,337,7.2
83348900.0,118,6.7
227137000.0,820,8.1
215395000.0,360,7.6
180192000.0,549,7.4
424646000.0,706,7.6
292299000.0,329,5.5
177344000.0,214,6.7
234277000.0,2741,6.5
138397000.0,511,6.6
149235000.0,137,6.7
118311000.0,514,6.4
101161000.0,1240,5.8
77564000.0,447,7.4
249359000.0,1504,7.8
49551700.0,450,6.6
60522100.0,744,4.9
137748000.0,241,6.5
0.0,2,7.5
113734000.0,126,6.2
148338000.0,187,7.3
317558000.0,1571,7.5
33592400.0,210,5.6
0.0,13,8.2
305389000.0,2113,8.1
0.0,2,6.4
337104000.0,591,6.7
217536000.0,1966,6.6
131536000.0,99,6.4
214949000.0,1055,7.5
209805000.0,366,7.3
186831000.0,412,7.5
163192000.0,637,5.8
119413000.0,391,7.5
32694800.0,546,6.6
113166000.0,504,6.7
107285000.0,1018,3.7
260031000.0,482,6.0
186740000.0,1159,6.4
215397000.0,1426,6.1
182618000.0,779,6.4
131920000.0,436,5.6
124977000.0,755,8.0
115803000.0,681,5.2
108522000.0,297,7.1
100686000.0,554,4.8
126465000.0,2326,7.0
64736100.0,69,5.4
93050100.0,814,6.6
57637500.0,666,6.7
58607000.0,630,6.2
43929300.0,414,6.1
30212600.0,196,5.3
76418700.0,348,6.3
89021700.0,892,7.0
380263000.0,3286,7.6
310676000.0,3516,6.7
289907000.0,593,8.1
132551000.0,533,6.7
474545000.0,3597,6.5
187166000.0,195,7.3
0.0,36,5.1
40911800.0,454,6.0
47952000.0,134,6.1
190871000.0,491,5.9
274085000.0,1885,7.8
67155700.0,277,5.8
81638700.0,115,6.3
56114200.0,695,4.3
250863000.0,444,6.4
155182000.0,499,6.1
125332000.0,328,6.5
113330000.0,1144,7.1
125532000.0,627,6.4
186336000.0,798,6.5
129996000.0,258,6.3
102609000.0,799,7.5
42776300.0,121,4.9
98780000.0,443,5.8
0.0,97,7.6
106369000.0,523,6.2
142614000.0,153,5.5
50026400.0,88,5.4
66002200.0,144,5.8
85463300.0,426,7.1
71017800.0,59,5.4
48068400.0,248,3.7
61656800.0,554,6.7
134521000.0,782,7.2
313838000.0,5060,8.8
24004200.0,191,5.8
58184000.0,386,6.8
100447000.0,456,3.8
144795000.0,789,7.1
47396700.0,942,7.2
140015000.0,179,5.9
104374000.0,214,7.1
228431000.0,1023,8.1
35799000.0,899,6.9
6712450.0,89,4.4
101643000.0,498,6.5
187671000.0,2368,8.5
132014000.0,1331,7.7
261971000.0,858,7.4
167007000.0,2301,8.0
180012000.0,1368,5.7
204843000.0,983,8.5
97030700.0,585,7.0
130128000.0,458,7.8
146282000.0,351,7.2
65452300.0,285,6.4
148384000.0,152,5.5
119220000.0,316,6.7
101228000.0,131,6.1
162805000.0,1193,8.5
100118000.0,230,6.9
89296600.0,297,7.3
85017400.0,474,6.7
173005000.0,692,6.9
75030200.0,1690,5.1
77222200.0,388,6.8
34964800.0,186,5.8
107515000.0,113,6.7
67631200.0,374,6.0
66862100.0,524,5.7
57366300.0,657,8.0
116867000.0,1138,8.2
184031000.0,539,5.4
54700100.0,1049,7.2
27098600.0,828,7.5
55673300.0,160,7.0
40198700.0,660,3.3
72660000.0,269,6.0
38120600.0,217,7.1
49392100.0,224,5.4
39292000.0,351,6.1
28772200.0,163,5.3
17010600.0,239,2.2
24985600.0,161,7.0
4411100.0,164,3.8
35024500.0,261,6.9
130175000.0,155,7.2
10200000.0,263,7.3
202008000.0,890,6.3
77679600.0,1166,7.5
9213.0,130,7.6
58867700.0,112,6.8
59475600.0,407,5.2
108639000.0,1103,7.7
86897200.0,177,6.2
63540000.0,742,7.7
95328900.0,293,4.3
50802700.0,139,6.9
161317000.0,139,6.6
201148000.0,322,7.0
43982800.0,593,6.7
380839000.0,866,8.2
377019000.0,3189,8.9
340479000.0,2417,8.7
17176900.0,154,5.5
131144000.0,824,5.7
23014500.0,462,6.3
181166000.0,1236,5.9
176741000.0,646,7.6
71148700.0,125,6.6
67344400.0,503,5.3
22406400.0,267,6.0
261438000.0,815,8.0
11000000.0,169,5.6
88761700.0,419,5.9
250148000.0,289,7.3
245823000.0,515,7.9
81557500.0,326,6.8
226138000.0,394,6.6
155370000.0,683,6.6
124870000.0,156,7.0
196574000.0,132,7.0
58229100.0,515,7.3
125306000.0,643,5.5
132373000.0,2054,8.5
120618000.0,222,7.5
110417000.0,577,7.0
102516000.0,632,7.8
100012000.0,346,7.6
209019000.0,621,7.6
0.0,1,6.1
84037000.0,289,6.8
85884800.0,53,5.0
83077500.0,440,7.1
100019000.0,380,5.5
78747600.0,342,5.6
78616700.0,2153,7.1
75818000.0,179,4.9
100854000.0,611,7.4
73209300.0,628,5.7
72515400.0,411,6.4
68558700.0,204,5.9
65653800.0,316,5.5
64685400.0,139,6.9
61355400.0,184,6.2
26871.0,361,7.0
60874600.0,949,5.6
143618000.0,186,7.0
58220800.0,362,6.8
47474100.0,181,5.4
42877200.0,114,6.1
35168700.0,278,6.7
56114200.0,695,4.3
37567400.0,337,6.9
61644300.0,529,8.0
190562.0,24,4.4
120147000.0,455,7.3
241688000.0,395,6.3
144512000.0,988,6.7
233630000.0,1051,7.7
197993000.0,548,6.5
176049000.0,806,7.8
172621000.0,393,6.4
183406000.0,845,7.8
20315300.0,254,5.8
148313000.0,168,7.1
127707000.0,399,7.1
0.0,270,8.6
126150000.0,276,6.8
66941600.0,77,4.8
78009200.0,194,6.2
63224800.0,483,6.9
111544000.0,415,7.3
112703000.0,214,6.6
117144000.0,288,6.9
84303600.0,100,6.2
150832000.0,713,6.7
51396800.0,662,7.6
47592800.0,255,6.7
50016400.0,257,6.2
57010900.0,548,7.3
62495000.0,378,6.0
46440500.0,78,7.1
44606300.0,703,7.1
40048300.0,339,5.5
0.0,146,7.8
64933700.0,208,5.6
31494300.0,522,7.5
31111300.0,466,5.4
123308000.0,171,4.3
153288000.0,521,4.9
13401700.0,588,7.1
137340000.0,685,6.4
0.0,211,6.9
43575700.0,63,4.3
80170100.0,488,6.1
75754700.0,342,7.0
33048400.0,589,7.7
34543700.0,289,5.9
242590000.0,604,6.7
102982000.0,741,6.5
180965000.0,378,7.1
407999000.0,1959,7.3
254456000.0,402,6.5
162832000.0,610,7.0
155019000.0,250,6.8
145772000.0,367,7.2
82506300.0,102,6.4
140459000.0,493,6.1
53216000.0,205,6.7
158115000.0,316,6.4
133104000.0,56,4.4
133669000.0,255,5.4
130313000.0,380,6.5
124591000.0,402,6.7
127968000.0,964,8.1
120136000.0,124,5.6
128200000.0,269,6.3
112226000.0,535,7.3
109994000.0,116,6.1
104055000.0,1009,7.7
103028000.0,203,6.4
0.0,394,8.8
101087000.0,339,6.8
101112000.0,318,6.6
95632600.0,674,7.2
94822700.0,560,6.9
92969800.0,64,5.2
91188900.0,805,4.9
90443600.0,123,6.3
82226500.0,424,5.6
79363800.0,698,5.5
76081500.0,162,6.7
85707100.0,701,7.6
74330000.0,164,5.7
100169000.0,100,4.6
73215300.0,216,7.0
80360900.0,127,5.2
69102900.0,370,5.1
65948700.0,363,6.6
821997.0,40,7.0
169693000.0,97,6.7
0.0,71,7.6
60507200.0,186,7.3
56684800.0,615,5.9
50628000.0,88,5.6
69773000.0,543,6.5
45356400.0,244,5.9
55350900.0,619,7.0
39442900.0,237,5.3
37899600.0,492,5.9
37754200.0,405,6.3
0.0,3,6.4
27779900.0,182,6.9
38542400.0,252,6.3
34566700.0,315,7.3
32885600.0,101,5.8
36073200.0,66,5.2
21471700.0,1308,2.4
20950800.0,160,5.7
19673400.0,232,5.8
19480700.0,457,5.6
17593400.0,376,6.0
18318000.0,216,5.8
27356100.0,117,6.0
17473200.0,348,5.7
15131300.0,64,6.0
19406400.0,42,7.8
1891820.0,301,4.2
23219700.0,308,5.6
0.0,1,4.4
170709000.0,1171,8.2
422784000.0,656,8.5
103812000.0,133,5.8
119794000.0,85,6.5
92930000.0,764,7.2
67286700.0,345,6.7
74158200.0,264,3.4
127084000.0,370,5.9
1339150.0,64,7.8
15071500.0,273,5.9
26000600.0,197,4.1
323506000.0,155,6.8
66462600.0,786,5.8
368050000.0,284,7.5
306124000.0,856,6.9
229075000.0,552,6.5
193137000.0,385,6.9
35286400.0,1206,7.9
157300000.0,1401,7.4
134569000.0,713,6.7
134007000.0,415,7.4
195330000.0,253,6.9
120777000.0,456,6.8
118823000.0,401,6.7
41814900.0,308,5.1
97360100.0,231,4.1
117699000.0,629,7.3
162001000.0,311,6.0
77032300.0,596,7.3
0.0,94,7.5
73023300.0,57,5.4
68473400.0,379,5.9
66636400.0,289,7.1
160762000.0,288,6.0
103338000.0,503,6.5
0.0,67,8.3
55808700.0,323,5.7
47379100.0,824,7.6
43427000.0,394,6.6
47000500.0,120,5.4
45434400.0,360,7.3
42044300.0,342,6.5
73661000.0,229,6.6
41523300.0,261,6.6
37600400.0,180,5.9
39251100.0,217,6.7
83503200.0,405,6.1
34636400.0,288,6.6
22752000.0,377,6.6
30013300.0,254,5.3
14567900.0,373,6.0
90820.0,119,6.0
5409520.0,171,4.7
21009200.0,222,6.1
94999100.0,1344,7.2
336030000.0,275,6.4
36381700.0,918,6.1
55585400.0,241,5.9
36976400.0,274,6.0
107225000.0,126,6.3
70224200.0,138,5.6
51814200.0,301,6.4
47456400.0,289,7.1
148213000.0,437,6.6
112951000.0,79,4.6
75600000.0,1065,8.4
62647500.0,657,7.1
183132000.0,763,7.4
27796000.0,376,6.9
32616900.0,346,4.5
18947600.0,124,7.1
114196000.0,2003,6.5
144156000.0,98,5.3
227966000.0,2335,6.7
436471000.0,483,7.2
244053000.0,584,7.2
152150000.0,255,5.5
141204000.0,737,5.8
162496000.0,133,6.0
136449000.0,158,6.6
120523000.0,1527,8.3
119655000.0,363,6.7
72660000.0,269,6.0
117541000.0,316,7.1
116643000.0,340,6.0
0.0,110,7.5
100615000.0,1248,6.9
42272700.0,1040,5.6
80281100.0,1283,5.6
219613000.0,98,4.5
78120200.0,742,7.1
98895400.0,698,6.5
70117600.0,515,6.4
83552400.0,800,5.8
66257000.0,816,8.0
65012000.0,137,6.2
79883400.0,488,7.2
78031600.0,403,6.1
54222000.0,380,7.6
52474600.0,245,6.3
55942800.0,423,6.3
40932400.0,281,6.3
38345400.0,492,7.7
37901500.0,119,7.0
48430400.0,141,5.3
30157000.0,189,5.6
28031200.0,814,5.2
33105600.0,141,5.4
62321000.0,271,6.4
38509300.0,356,5.9
19076800.0,196,6.3
25093600.0,157,6.5
18990500.0,289,3.0
14294800.0,277,3.6
19819500.0,126,5.8
13596900.0,123,6.2
8460990.0,54,5.6
7097120.0,207,5.4
37760100.0,618,6.1
5851190.0,313,4.2
25121300.0,279,6.7
18821300.0,202,4.2
118471000.0,568,6.4
300523000.0,498,4.9
71069900.0,445,6.8
251502000.0,296,7.7
35324200.0,62,5.6
81257500.0,229,6.4
617840.0,172,7.2
29655600.0,435,6.0
45045000.0,143,5.9
28965200.0,521,7.9
27550700.0,113,6.8
39380400.0,263,7.1
72980100.0,264,5.9
37516000.0,348,5.9
87704400.0,274,6.2
0.0,87,7.4
83892400.0,297,7.0
5932060.0,174,5.4
216119000.0,2277,8.6
43568500.0,346,6.5
182805000.0,395,6.4
176387000.0,467,7.6
33685300.0,662,5.5
182204000.0,720,7.4
171383000.0,3646,8.7
172071000.0,296,7.6
119413000.0,391,7.5
139226000.0,116,5.5
148775000.0,845,7.6
115732000.0,556,6.5
100469000.0,277,6.9
93771100.0,318,6.7
100448000.0,285,6.6
115604000.0,351,7.2
90454000.0,326,6.4
84049200.0,172,6.4
70450000.0,189,6.0
69688400.0,139,6.1
70236500.0,564,6.0
63695800.0,264,6.4
59617100.0,310,6.4
55637700.0,1500,7.3
85911300.0,213,5.2
53846900.0,221,6.6
54758500.0,238,6.3
52397400.0,514,5.9
0.0,383,6.4
38966100.0,157,6.7
42345500.0,423,5.4
36064900.0,211,6.4
33328100.0,285,6.7
32598900.0,265,6.2
28045500.0,202,6.1
37023400.0,2968,8.8
43532300.0,175,7.1
0.0,28,8.1
17218100.0,249,5.7
10014200.0,69,5.0
19059000.0,194,5.1
1987290.0,138,6.9
24407900.0,380,4.8
13750600.0,239,6.5
31054900.0,290,5.1
43247100.0,265,7.1
2208940.0,482,7.5
213079000.0,795,6.2
19548100.0,77,6.3
356784000.0,895,8.1
25052000.0,145,6.6
122013000.0,133,6.9
72413.0,86,6.1
58255300.0,187,4.3
77086000.0,602,6.6
65000000.0,214,6.8
32178800.0,250,3.8
15738600.0,399,5.9
54116200.0,1018,7.9
118154000.0,246,6.3
108012000.0,82,5.5
210593000.0,2073,7.7
279168000.0,428,6.3
143151000.0,320,7.1
136801000.0,1377,8.5
168214000.0,255,5.9
135382000.0,251,5.8
167735000.0,1127,8.1
121469000.0,849,7.9
106636000.0,416,7.2
102678000.0,274,6.3
125603000.0,877,8.1
101218000.0,353,7.0
104149000.0,116,5.5
75573300.0,172,6.7
93375200.0,235,5.2
106126000.0,497,7.0
93307800.0,269,6.1
90646600.0,289,6.6
109176000.0,144,5.5
82670700.0,97,5.9
82569500.0,128,5.4
81687600.0,360,6.4
80574000.0,302,5.7
75764100.0,322,6.7
90356900.0,328,7.1
75530800.0,452,6.8
75370800.0,263,6.5
100003000.0,836,7.6
90341700.0,432,5.5
74540800.0,323,6.5
80033600.0,448,7.0
73648100.0,643,5.8
71844400.0,223,7.3
75638700.0,411,6.6
66735000.0,181,4.4
75280100.0,279,7.7
64505900.0,1264,5.0
77862500.0,690,7.7
61112900.0,83,4.4
88200200.0,308,6.1
60573600.0,162,5.4
59035100.0,597,6.8
56702900.0,181,6.5
55994600.0,176,7.0
54910600.0,227,6.3
53789300.0,347,6.3
51045800.0,54,6.1
50818800.0,106,6.1
0.0,41,7.3
50189200.0,207,5.3
50024100.0,126,5.4
50549100.0,289,6.2
56443500.0,256,6.6
62401300.0,323,5.9
47748600.0,656,6.3
46975200.0,338,7.2
50807600.0,122,6.8
46611200.0,257,6.1
257756000.0,471,7.8
48472200.0,156,5.0
43060600.0,569,6.2
45996700.0,264,6.7
43337300.0,203,4.9
37479800.0,259,7.4
36965400.0,235,7.1
40559900.0,184,6.2
36830100.0,73,4.9
36279200.0,213,6.1
42194100.0,72,6.1
43119900.0,842,6.4
35096200.0,322,6.3
35754600.0,150,6.8
43291000.0,256,6.6
33927500.0,165,5.7
32122200.0,138,5.9
40076400.0,248,6.0
32940500.0,127,6.1
31670900.0,143,6.7
30695200.0,267,6.7
32522400.0,822,7.9
28424200.0,74,5.0
26082900.0,213,4.3
29136600.0,233,5.7
26288300.0,91,6.7
26616600.0,857,6.7
623280000.0,1722,8.1
30063800.0,243,6.1
22518300.0,644,5.6
13082300.0,247,6.6
18208100.0,281,6.9
14218900.0,282,4.8
22451.0,126,6.2
31165400.0,457,6.0
11802100.0,109,4.9
25473000.0,411,5.6
22362500.0,195,6.1
17281800.0,110,6.1
19781900.0,290,4.8
7605670.0,188,5.5
4535120.0,368,3.8
4426300.0,156,6.5
0.0,9,6.0
10166500.0,183,6.7
363024000.0,1058,8.1
12066000.0,88,4.9
350124000.0,916,7.3
80021700.0,154,6.4
0.0,94,6.6
48291600.0,263,6.7
35231400.0,85,3.6
53715600.0,171,5.7
31199200.0,120,6.0
0.0,143,4.9
29580100.0,121,4.7
44666000.0,281,6.3
60128600.0,410,5.9
49875600.0,273,5.9
0.0,238,7.0
60984000.0,431,7.5
36931100.0,198,5.6
51317400.0,139,6.4
28328100.0,147,6.3
51774000.0,331,4.3
25528500.0,220,5.9
0.0,54,6.7
113007000.0,225,5.5
45860000.0,221,6.2
329691000.0,1398,8.8
217326000.0,146,5.2
166225000.0,507,7.0
141600000.0,216,6.6
134218000.0,497,7.3
128769000.0,99,5.6
177575000.0,372,6.6
105263000.0,103,5.4
104354000.0,332,6.3
107101000.0,527,7.9
98711400.0,207,6.3
100328000.0,92,6.0
101531000.0,436,7.2
93815100.0,242,5.1
91400000.0,194,7.3
162586000.0,611,8.0
89707000.0,600,6.2
83000000.0,95,6.0
78745900.0,322,6.7
70098100.0,2105,8.1
66365300.0,358,6.4
0.0,181,8.4
66207900.0,935,8.0
63408600.0,149,6.3
58422600.0,173,6.4
56932300.0,293,6.6
68750000.0,144,6.4
68218000.0,108,6.0
25040300.0,279,6.6
55747700.0,73,5.9
55473600.0,776,6.4
49994800.0,194,6.3
41609600.0,572,7.3
38553800.0,155,6.8
76137500.0,174,7.2
34350600.0,207,5.7
34238600.0,321,6.0
34098600.0,232,6.5
33828300.0,154,5.8
33472800.0,119,5.8
31051100.0,101,6.7
35707300.0,387,7.8
20550700.0,95,5.6
18573800.0,89,5.8
51225800.0,2047,7.4
16264500.0,216,6.9
25858000.0,532,5.5
12870600.0,497,6.3
11466100.0,84,4.7
16088600.0,39,5.6
51178900.0,110,6.4
6768060.0,229,4.2
39440700.0,222,6.4
6167820.0,239,7.7
0.0,207,7.7
0.0,142,5.3
81645200.0,559,6.7
69951800.0,599,7.7
9483820.0,131,5.7
66676100.0,545,7.6
26838400.0,495,6.4
75604300.0,195,5.6
108200000.0,269,6.8
5660080.0,418,2.4
7221460.0,178,6.2
70327900.0,301,5.9
58297800.0,191,7.1
57386400.0,2319,7.6
45207100.0,190,5.5
62563500.0,289,7.0
33574300.0,415,7.1
73343400.0,429,7.4
25031000.0,532,7.6
22843000.0,207,5.9
5755290.0,63,5.9
164435000.0,667,8.0
95720700.0,640,7.4
118683000.0,483,5.8
143704000.0,611,6.3
110477000.0,211,5.7
80270200.0,612,5.1
36385800.0,1448,7.6
37035800.0,149,6.4
34580600.0,549,7.4
42438300.0,533,8.2
23324700.0,211,6.5
23020500.0,180,5.5
90567700.0,481,6.5
72601700.0,155,5.6
35092900.0,110,4.9
296624000.0,919,4.6
267652000.0,945,7.9
62453300.0,407,7.1
165500000.0,322,6.9
153621000.0,318,7.3
218629000.0,623,7.0
147637000.0,470,7.7
135015000.0,375,6.7
2175310.0,346,6.3
126203000.0,309,5.8
126975000.0,849,7.1
125549000.0,498,7.3
105808000.0,357,6.4
191616000.0,322,7.1
105265000.0,406,7.6
97680200.0,243,6.8
126089000.0,110,6.6
91030800.0,252,6.7
150315000.0,130,6.1
127997000.0,779,6.0
88504600.0,646,7.6
81517400.0,394,7.1
81022300.0,147,5.0
75621900.0,199,7.1
79948100.0,791,6.2
88658200.0,242,5.6
75888300.0,560,5.4
84244900.0,292,7.4
75367700.0,232,5.0
73701900.0,209,5.2
75605500.0,312,7.6
67823600.0,130,6.6
91439400.0,384,7.0
67128200.0,110,5.7
70496800.0,2042,8.2
60470200.0,192,6.2
0.0,9,7.9
58336600.0,118,6.6
66002000.0,168,4.7
54997500.0,248,6.3
55682100.0,304,6.1
52752500.0,533,6.7
55092800.0,329,6.1
50815300.0,625,7.0
52822400.0,219,7.4
50150600.0,102,7.3
48745200.0,306,5.8
50007200.0,142,6.7
48154700.0,142,5.8
48265600.0,506,7.8
46982600.0,1740,6.6
44737100.0,261,6.5
56724100.0,181,6.7
44484100.0,279,7.3
47553500.0,210,5.8
42610000.0,114,5.5
41482200.0,148,6.3
47105100.0,275,7.4
41256300.0,156,5.9
50740100.0,672,6.2
40203000.0,259,5.9
40905300.0,157,6.5
38590500.0,140,4.4
39177500.0,177,3.5
39778600.0,548,6.6
37486100.0,106,6.0
38105100.0,194,6.4
35168400.0,226,6.5
0.0,33,7.8
32800000.0,118,4.3
33643500.0,65,4.2
32741600.0,323,6.5
31874900.0,302,6.1
30306300.0,84,6.3
27667900.0,392,6.2
27067200.0,150,5.9
26617000.0,347,5.9
26536100.0,286,6.5
26199500.0,260,6.4
25450500.0,190,6.5
25407200.0,227,5.7
0.0,22,7.5
23159300.0,514,8.0
24006700.0,632,7.3
20390000.0,47,6.7
19593700.0,420,7.5
19118200.0,94,5.4
26442300.0,205,6.6
17114900.0,398,7.7
18472400.0,208,5.8
14131300.0,390,6.4
21557200.0,274,5.6
21283400.0,137,6.0
10556200.0,73,6.2
16671500.0,78,5.9
10400000.0,90,5.1
9528090.0,127,6.8
0.0,149,7.0
10137200.0,374,6.0
9795020.0,70,5.1
20488600.0,245,5.8
19445200.0,258,6.2
8355820.0,341,6.4
28837100.0,150,4.8
6471390.0,93,4.9
6291600.0,91,5.6
10706800.0,211,5.5
8742260.0,179,3.7
43905700.0,294,5.9
0.0,148,8.5
21413500.0,113,6.3
7994120.0,209,7.4
124107000.0,867,7.6
197172000.0,477,8.3
12802900.0,226,6.6
31569300.0,627,6.9
66488100.0,397,6.7
95308400.0,850,6.8
0.0,32,4.6
60652000.0,560,7.1
1206140.0,185,6.4
56607200.0,497,6.4
50173200.0,537,7.4
47095500.0,316,6.4
37880000.0,254,6.0
25900000.0,84,6.5
53574100.0,560,7.8
89253300.0,323,6.0
37339500.0,307,7.0
60154400.0,345,6.0
528972.0,55,7.8
103739000.0,164,6.1
69304300.0,419,6.8
29781500.0,210,6.4
0.0,376,7.7
0.0,236,8.1
15519800.0,71,4.5
5600000.0,97,5.8
126805000.0,169,6.3
93607700.0,343,5.7
67263200.0,651,7.2
92001000.0,286,7.6
10539400.0,176,4.7
58918500.0,107,6.6
181395000.0,243,6.8
14946200.0,29,7.3
0.0,16,2.7
130513000.0,85,4.8
139853000.0,461,6.3
110000000.0,347,5.5
106808000.0,370,6.2
101702000.0,212,5.8
95149400.0,152,5.7
100768000.0,89,6.5
92115200.0,94,6.7
93452100.0,310,7.4
83287400.0,137,6.9
82931300.0,228,5.5
60962900.0,620,8.1
76261000.0,633,7.7
71423700.0,609,7.3
71277400.0,548,5.2
88625900.0,252,7.1
70001100.0,582,7.1
67253100.0,209,7.2
66790200.0,350,6.5
65558000.0,271,4.6
60786300.0,379,5.6
59365100.0,1004,7.7
162793000.0,317,7.2
31598300.0,541,6.8
57362600.0,116,5.4
53854600.0,73,6.3
0.0,61,7.2
52580900.0,118,5.6
51019100.0,1053,6.8
48114600.0,91,4.3
50648700.0,348,6.3
46280500.0,184,6.5
38360200.0,116,6.4
46815700.0,69,6.3
35617600.0,47,5.9
47307600.0,269,6.5
32003600.0,355,6.5
27972400.0,285,6.1
28133200.0,70,5.9
27400000.0,569,6.6
24343700.0,524,7.4
22877800.0,414,7.3
36883500.0,305,6.6
22531700.0,214,5.6
20400900.0,80,5.3
20101900.0,81,6.0
25200400.0,55,5.4
19719900.0,531,6.8
19377700.0,409,6.4
13401700.0,588,7.1
17300900.0,148,4.9
15527100.0,183,5.8
13561000.0,161,7.1
15523200.0,349,7.2
11146400.0,273,6.0
7916890.0,182,6.0
6565500.0,229,7.0
15279700.0,154,5.4
7262290.0,186,6.5
4584890.0,115,6.4
0.0,47,8.3
2154540.0,41,4.9
8129460.0,142,6.3
0.0,66,1.7
136019000.0,695,7.7
183876000.0,270,7.8
67061200.0,135,5.5
53300900.0,259,7.5
150415000.0,217,6.4
44834700.0,62,5.6
84300000.0,147,7.5
1500000.0,189,6.8
62318900.0,502,6.8
5773520.0,91,6.0
51768600.0,297,7.3
37035500.0,194,6.0
24520900.0,303,7.0
24430300.0,403,5.1
158348000.0,142,6.8
31137000.0,75,6.5
29113600.0,181,6.6
138448000.0,345,7.2
116006000.0,602,7.0
106794000.0,358,7.0
87856600.0,268,5.9
70100000.0,41,5.4
159578000.0,380,6.6
57750000.0,192,7.0
45290300.0,112,6.5
41543200.0,175,6.3
41252400.0,71,6.5
35228700.0,460,6.5
59992800.0,396,5.8
34667000.0,317,6.6
37652600.0,283,5.4
24375400.0,265,6.1
20915500.0,290,4.0
24127900.0,437,7.6
84961.0,841,7.9
26404800.0,169,5.3
6105180.0,835,6.6
5664250.0,102,6.3
0.0,18,7.5
1260920.0,71,7.2
116724000.0,564,7.0
0.0,5,4.9
56084000.0,658,6.9
22109000.0,132,5.2
293502000.0,2073,8.1
18600900.0,153,6.6
7204140.0,125,6.2
90800000.0,235,7.2
150118000.0,751,7.3
163947000.0,273,6.7
116735000.0,336,6.4
118500000.0,327,7.8
126547000.0,918,6.4
166148000.0,1360,4.1
111761000.0,188,4.1
108706000.0,236,7.4
138615000.0,288,5.8
125070000.0,420,7.6
107459000.0,166,7.2
102310000.0,279,7.8
96917900.0,696,7.7
93952300.0,203,6.4
90703700.0,410,5.1
89138100.0,734,5.5
87666600.0,263,7.4
90353800.0,144,6.0
82522800.0,654,7.5
94125400.0,277,7.0
95001300.0,200,7.5
81292100.0,696,7.3
86208000.0,285,5.7
81593500.0,263,7.3
75274800.0,304,7.2
90835000.0,58,5.9
72455300.0,382,7.8
75306000.0,433,7.7
74098900.0,1732,8.1
72266300.0,422,6.6
71347000.0,215,7.1
70836300.0,426,5.9
70405500.0,442,8.0
70163600.0,82,4.6
66808600.0,344,6.1
115604000.0,351,7.2
64149800.0,185,6.4
83906100.0,189,6.0
66466400.0,290,5.2
72306100.0,355,7.6
59068800.0,411,6.4
60923300.0,197,6.4
57887900.0,211,6.1
53955600.0,139,6.1
54967400.0,209,5.2
54228100.0,544,7.7
57981900.0,203,7.3
61094900.0,332,6.9
53082700.0,1100,8.5
54414700.0,187,6.3
57011800.0,44,5.9
50859900.0,1043,7.8
51185900.0,271,6.7
52000700.0,619,6.4
49851600.0,34,5.9
47781400.0,531,6.6
52321000.0,548,6.8
47806300.0,371,6.5
51853400.0,110,6.6
46012700.0,101,5.8
47034300.0,190,6.9
45856700.0,141,7.1
59588100.0,376,5.8
44175400.0,227,7.2
45500800.0,56,6.0
41797100.0,998,4.7
38087800.0,39,5.2
37752900.0,180,5.5
50562600.0,291,6.5
37371400.0,334,7.0
37101000.0,103,5.8
38176900.0,518,6.2
36283500.0,587,6.5
35183800.0,209,7.2
38543500.0,158,5.1
36037900.0,130,4.7
42575700.0,227,5.9
33864300.0,117,5.8
33508900.0,660,7.2
42071100.0,208,6.2
0.0,43,7.4
32853600.0,101,5.7
42615700.0,416,6.1
32055200.0,146,6.0
31836700.0,341,6.9
30993500.0,156,6.5
30981800.0,284,5.0
30199100.0,167,5.7
29077500.0,754,7.0
29374200.0,188,5.1
28535800.0,105,5.3
27664000.0,164,4.4
27053800.0,291,4.7
26815000.0,252,6.7
25178200.0,274,6.7
25117500.0,178,5.7
32645.0,223,7.4
24332300.0,61,6.1
36665900.0,203,6.4
22717800.0,67,6.2
22433900.0,166,6.2
22326200.0,106,5.9
21176300.0,207,4.0
20300000.0,60,6.2
20303000.0,450,4.6
15962500.0,619,6.4
14942400.0,60,5.9
14967200.0,284,5.1
18996800.0,322,7.6
14375200.0,126,4.2
20999100.0,245,7.8
14448600.0,128,5.8
14358000.0,66,5.9
33201700.0,1314,8.4
14018400.0,111,4.8
13395900.0,146,6.2
20114000.0,66,6.5
13376500.0,111,6.3
13208000.0,388,3.3
13838100.0,157,5.9
5773520.0,91,6.0
9652000.0,147,5.8
12081400.0,25,6.5
7000000.0,70,4.7
10431200.0,162,4.1
10326100.0,310,6.8
6114240.0,207,6.2
4835970.0,82,4.5
4777010.0,98,5.8
3675070.0,801,7.3
18438100.0,93,5.9
511920.0,26,4.4
10640600.0,110,5.8
652526.0,187,5.1
80050200.0,491,6.9
7564000.0,223,6.2
876671.0,90,6.9
2869370.0,211,7.3
128978.0,61,7.1
77231.0,32,6.0
4563030.0,514,7.0
0.0,40,6.8
463730.0,39,5.7
50693200.0,545,7.6
6498000.0,410,8.4
63411500.0,234,7.1
42640900.0,184,5.6
144512000.0,988,6.7
35287800.0,165,7.0
25335900.0,1594,8.0
5881500.0,50,5.3
60000000.0,224,4.9
29802800.0,115,6.4
626809.0,105,7.4
127214000.0,392,6.1
88915200.0,169,6.5
30400000.0,73,5.7
85570400.0,107,5.1
75668900.0,249,6.6
6594140.0,111,6.5
58700200.0,260,6.9
0.0,86,7.8
0.0,18,6.4
50668900.0,265,7.6
39177200.0,234,5.6
40334000.0,216,6.2
71038200.0,123,4.4
24044500.0,180,5.6
22770900.0,85,5.5
18653700.0,638,6.7
17305200.0,75,6.1
16991900.0,191,6.2
47537000.0,275,7.3
10300000.0,89,6.6
13782800.0,911,8.2
41997800.0,343,6.4
6482200.0,81,6.4
623374.0,67,5.2
7871690.0,102,6.5
16377300.0,405,7.1
0.0,28,4.8
9589880.0,45,7.3
34913000.0,266,5.2
109713000.0,362,7.7
92173200.0,420,7.6
41102200.0,89,5.7
60338900.0,545,7.0
48006500.0,110,6.0
26903700.0,475,8.1
22451000.0,1437,8.0
44867300.0,176,5.6
46813400.0,83,6.1
72279700.0,86,6.9
191449000.0,1535,5.2
71026600.0,394,7.0
68208200.0,144,6.3
150369000.0,301,7.0
0.0,21,5.3
50129200.0,218,6.9
55500000.0,214,6.2
50213600.0,243,6.4
42019500.0,33,6.4
23360800.0,212,5.7
26183200.0,135,6.1
20991500.0,172,5.4
13052700.0,57,6.7
14378400.0,194,6.8
33037800.0,197,6.0
12339600.0,641,7.8
2954400.0,64,5.3
30106000.0,45,4.5
37788200.0,80,5.4
277313000.0,626,7.8
2126510.0,45,7.2
205399000.0,784,6.6
251189000.0,817,7.6
1068390.0,53,5.9
144732000.0,136,6.7
255950000.0,420,7.7
0.0,30,5.8
112692000.0,205,5.4
117529000.0,387,6.9
171031000.0,724,7.7
124733000.0,631,6.8
82300000.0,405,6.4
134455000.0,232,5.7
79100000.0,261,7.3
81159400.0,278,6.8
110008000.0,309,6.3
67962300.0,160,5.9
78651400.0,457,7.4
64605000.0,625,8.3
63939500.0,217,6.2
63826600.0,138,6.3
60054400.0,140,5.8
26505000.0,668,7.5
61281000.0,677,6.3
56876400.0,244,6.4
59699500.0,136,7.2
54132600.0,211,6.3
52277500.0,196,6.9
55802800.0,194,6.6
55291800.0,111,6.0
83299800.0,306,7.5
48169900.0,156,7.7
67523400.0,248,6.2
49474000.0,120,5.4
45802300.0,169,6.6
43792600.0,119,5.3
57651800.0,209,5.6
43894900.0,262,5.9
41955000.0,234,7.8
39532300.0,1138,6.7
76600000.0,321,7.4
39692100.0,400,6.2
40687300.0,398,5.4
37553900.0,463,6.7
37481200.0,97,5.3
39026200.0,153,5.9
0.0,11,7.0
33422800.0,164,4.8
0.0,91,7.3
33423500.0,282,3.8
32519300.0,761,8.5
31598300.0,541,6.8
37617900.0,203,6.8
32048800.0,576,5.3
33987800.0,903,7.3
37305000.0,279,6.6
30691400.0,232,6.2
30307800.0,695,5.2
30669400.0,291,6.2
28687800.0,245,6.2
26494600.0,239,6.6
0.0,247,6.4
25266100.0,358,6.2
25863900.0,151,5.1
25078900.0,216,6.6
0.0,57,6.1
28995400.0,59,6.1
24276500.0,68,6.6
20981600.0,492,5.9
22913700.0,244,6.3
34531800.0,138,7.1
28064200.0,173,5.0
19447500.0,80,5.6
19389500.0,335,7.4
25871800.0,173,4.5
19692600.0,134,6.2
19294900.0,325,5.0
20275400.0,178,6.5
34507100.0,118,5.1
18306200.0,215,6.5
17610000.0,141,6.2
16831500.0,173,6.3
17596300.0,84,3.8
0.0,82,5.2
0.0,178,6.0
14998100.0,298,6.2
14587700.0,39,5.7
18317200.0,200,6.7
11405800.0,208,6.8
13265000.0,162,6.0
10991400.0,100,7.3
10268800.0,142,5.5
13303300.0,975,6.7
10076100.0,141,4.8
10500000.0,212,5.7
7659750.0,204,5.1
7948160.0,280,6.0
11631200.0,113,4.2
10137500.0,195,7.4
6448820.0,31,4.6
7458270.0,196,6.9
0.0,105,8.6
4651980.0,71,6.9
4496580.0,129,8.0
2221990.0,99,6.4
6592100.0,232,6.3
0.0,55,8.4
1877180.0,25,7.1
630779.0,159,6.8
5100940.0,127,7.5
0.0,15,4.5
0.0,76,5.7
102414000.0,524,6.8
10214000.0,89,5.4
32000000.0,150,7.2
10139300.0,915,7.3
11227900.0,94,5.2
183125.0,86,5.5
15081800.0,144,7.7
37432300.0,116,7.1
10654600.0,260,5.3
6543190.0,61,5.6
13101100.0,50,5.7
8324750.0,108,7.1
0.0,127,7.5
141340000.0,319,7.6
51758600.0,232,5.5
117559000.0,148,5.1
4091.0,16,6.3
21426800.0,211,4.9
35057300.0,72,6.5
34014400.0,1033,5.6
28927700.0,181,5.3
33682300.0,622,6.5
4280580.0,114,6.8
17120000.0,134,6.5
8406260.0,175,6.0
309125000.0,647,8.4
10955400.0,396,6.0
34181000.0,370,7.6
17225700.0,139,5.6
173381000.0,395,6.9
104633000.0,118,6.4
81150700.0,100,5.1
60328600.0,159,7.0
80198000.0,441,5.7
169077000.0,485,6.8
101470000.0,669,6.7
50041700.0,398,6.2
48814900.0,224,7.2
57744700.0,132,6.2
21784400.0,108,5.6
37911900.0,47,4.4
54696900.0,571,7.5
36733900.0,112,7.1
35063700.0,383,6.4
99462.0,28,7.1
0.0,217,5.9
32701100.0,108,6.9
31493800.0,1125,7.5
43095600.0,340,6.3
18636500.0,216,6.4
17848300.0,102,5.9
16640200.0,382,6.8
13763100.0,187,6.3
10956400.0,364,3.6
4357000.0,30,5.3
22525900.0,158,5.9
3562750.0,49,6.9
2899970.0,161,6.9
1304840.0,175,6.1
0.0,31,5.7
78800000.0,983,8.5
17797300.0,113,6.3
82528100.0,154,7.3
14268500.0,100,6.3
87100000.0,200,7.2
93749200.0,491,7.3
62700000.0,294,6.3
59073800.0,644,8.1
24185800.0,268,6.9
53133900.0,136,6.3
44983700.0,510,7.3
118100000.0,1211,5.5
58879100.0,219,6.1
72077000.0,150,6.9
170685000.0,1017,7.2
163480000.0,289,6.4
145097000.0,431,6.4
191796000.0,391,8.3
121248000.0,373,7.2
125014000.0,164,6.8
11854700.0,64,6.5
115649000.0,402,7.8
122013000.0,241,7.6
116631000.0,323,7.2
114324000.0,392,6.7
113502000.0,125,6.8
108360000.0,178,6.3
108245000.0,301,6.2
105444000.0,117,6.2
100125000.0,1080,8.6
115646000.0,1262,8.0
85416600.0,186,7.0
90135200.0,935,8.0
100423000.0,1106,8.1
106694000.0,337,6.7
64286.0,1111,7.9
76806300.0,154,6.1
79566900.0,140,4.2
76501400.0,49,6.1
74787600.0,109,6.6
66528800.0,329,7.5
83813500.0,452,7.4
65010100.0,612,7.2
66360000.0,326,6.9
66468300.0,667,7.4
64172300.0,122,5.4
66600000.0,182,6.8
63536000.0,178,6.3
62877200.0,325,7.2
0.0,257,8.7
74484200.0,340,6.9
60269300.0,97,6.0
60033800.0,162,5.9
58715500.0,129,5.4
58156400.0,152,5.9
56044200.0,339,6.1
56816700.0,509,7.7
64238800.0,64,5.8
52937100.0,426,7.6
52799000.0,223,6.1
55210000.0,293,5.4
51432400.0,72,5.1
51109400.0,85,6.4
50300000.0,300,6.3
56068500.0,307,7.5
53680800.0,243,7.1
49186900.0,86,5.2
50921700.0,581,7.8
53021600.0,156,6.5
45645200.0,119,6.6
44328200.0,189,5.1
53337600.0,467,7.4
42643200.0,145,7.2
46875500.0,461,7.6
52418900.0,277,7.5
42057300.0,691,6.6
42478200.0,209,7.2
41407500.0,292,7.6
42385500.0,86,6.2
40118400.0,216,5.6
40137800.0,529,7.6
39569000.0,527,6.6
42043600.0,986,7.0
38232600.0,409,2.7
38413600.0,215,7.6
38122100.0,226,6.6
38747400.0,165,6.9
40247500.0,438,6.8
0.0,30,7.5
35927400.0,256,3.7
35566000.0,184,6.1
35266600.0,371,5.9
34703200.0,127,6.7
0.0,145,8.5
38432800.0,134,6.9
32095300.0,84,5.5
31743300.0,245,7.1
32154400.0,274,7.1
28165900.0,154,5.9
26687200.0,55,7.3
26096600.0,267,3.4
26525800.0,227,6.8
30513900.0,104,6.9
23209400.0,112,7.0
24048000.0,88,5.5
22526100.0,203,5.1
30523600.0,201,6.2
23070000.0,215,5.9
20422200.0,116,5.2
28644800.0,141,6.2
21800300.0,63,5.5
21129300.0,237,7.4
18501000.0,830,4.4
19976100.0,220,6.3
18967600.0,167,6.1
17100000.0,29,5.3
17266500.0,291,5.4
32357500.0,215,6.7
16930900.0,262,5.9
18324200.0,214,7.3
16324000.0,112,5.5
16999000.0,354,5.8
16295800.0,269,4.6
15709400.0,132,6.7
14888000.0,262,5.1
14208400.0,105,5.6
12831100.0,298,7.0
18298600.0,242,6.4
12712100.0,671,6.7
11576100.0,338,4.1
11900000.0,148,5.5
9353570.0,524,2.7
12026700.0,258,6.4
14334600.0,191,4.8
12189500.0,129,6.1
10134800.0,38,4.8
8535580.0,152,7.0
7689460.0,210,6.8
7501400.0,87,7.3
0.0,19,8.2
19316600.0,95,5.6
10965200.0,221,6.1
26830000.0,365,7.9
5300000.0,495,8.4
10880900.0,127,6.5
3752720.0,161,7.1
3517800.0,103,6.6
3101300.0,38,4.0
2975650.0,142,7.0
668171.0,132,5.6
480314.0,180,4.8
3904980.0,415,7.5
127437.0,27,6.0
0.0,17,7.2
0.0,114,5.6
537580.0,124,6.8
0.0,44,4.9
0.0,23,7.1
0.0,22,2.0
0.0,62,5.7
0.0,7,4.1
0.0,108,6.7
0.0,14,7.5
183436000.0,185,6.5
119518000.0,815,7.9
0.0,56,7.6
37036400.0,259,6.4
22359300.0,39,5.8
18593200.0,241,7.7
0.0,276,7.1
16930200.0,101,5.3
63034800.0,96,5.3
5899800.0,51,7.5
4554570.0,123,6.9
17016200.0,214,4.9
6301130.0,263,7.1
217350000.0,244,8.0
161029000.0,331,7.9
179870000.0,524,7.6
100492000.0,67,5.9
74058700.0,317,6.3
0.0,32,7.1
55845900.0,471,6.4
81350200.0,722,8.2
67266300.0,170,6.9
70235300.0,374,7.8
7443010.0,71,6.7
64371200.0,289,7.5
58885600.0,1057,7.4
60400900.0,229,5.2
0.0,28,6.5
52353600.0,962,7.6
51476000.0,714,7.3
63910600.0,173,6.6
62300000.0,263,6.8
49968700.0,374,6.9
44450000.0,115,5.8
45162700.0,523,6.6
71346900.0,160,6.7
39514700.0,132,6.7
43097700.0,128,6.3
48043500.0,801,7.7
37053900.0,122,6.1
33000400.0,365,4.9
66950500.0,85,6.2
38372700.0,1058,7.8
27000000.0,1168,8.2
31600000.0,126,6.9
30688400.0,211,6.2
28563200.0,199,6.9
16779600.0,167,4.8
10762200.0,153,8.0
17324700.0,149,5.3
8888140.0,123,6.7
24268800.0,71,5.4
8119200.0,21,5.4
8434600.0,460,4.9
6998320.0,50,6.1
10907300.0,134,5.8
5532300.0,117,7.0
2775590.0,98,6.5
28751700.0,378,6.6
0.0,84,6.1
20285500.0,112,5.7
67900000.0,225,6.6
148734000.0,559,7.0
49186000.0,184,7.4
42168400.0,39,5.3
26400000.0,89,7.4
17508700.0,281,7.4
9664320.0,197,6.8
0.0,131,7.9
74889000.0,188,7.2
69586500.0,199,6.0
362645000.0,398,7.8
60491600.0,143,6.6
54200000.0,319,7.9
44087400.0,33,6.2
30920200.0,71,5.7
40566700.0,391,7.1
31768400.0,366,5.6
22494500.0,507,7.8
21500000.0,170,7.9
4463290.0,136,6.9
0.0,284,7.4
14337600.0,624,7.7
13823700.0,140,6.9
0.0,31,8.7
0.0,208,6.7
10297900.0,39,6.0
13248500.0,174,6.2
8712560.0,139,5.9
7486910.0,71,6.8
38536400.0,83,3.6
41008500.0,103,6.7
5204010.0,167,6.3
4485480.0,105,6.4
4476240.0,226,6.4
1089360.0,111,5.7
763044.0,52,6.2
0.0,19,6.6
20819100.0,201,5.2
110222000.0,271,6.1
109243000.0,546,7.1
100241000.0,752,7.2
25977400.0,207,6.5
91457700.0,109,6.0
87341400.0,374,7.0
65703400.0,345,7.0
58328700.0,494,7.5
61490000.0,148,6.6
0.0,151,8.8
50800000.0,210,7.4
57859100.0,673,6.5
46455800.0,472,6.2
45506600.0,862,7.8
40168100.0,315,5.2
49874900.0,287,6.5
45489800.0,214,6.5
36985500.0,94,5.2
33200000.0,149,7.2
28501700.0,201,7.1
23222900.0,44,4.5
54540500.0,134,5.7
16252800.0,181,6.0
16006000.0,190,6.4
14469400.0,95,5.2
13829700.0,79,4.3
1075290.0,55,6.1
0.0,69,6.3
7496520.0,178,6.8
0.0,28,4.0
20047700.0,26,5.2
12276800.0,126,6.5
33565400.0,568,7.5
499263.0,2814,7.1
219200000.0,223,6.9
172825000.0,331,8.0
148086000.0,871,8.2
25517500.0,320,6.4
145001000.0,974,7.9
26761300.0,99,6.7
121946000.0,126,6.1
96067200.0,1273,8.9
169706000.0,460,8.1
3254170.0,105,6.2
84185400.0,149,4.9
0.0,18,5.4
82163300.0,885,5.8
0.0,25,4.7
80920900.0,118,6.0
80034300.0,2192,7.0
78656800.0,93,6.0
76270500.0,418,7.9
74273500.0,1518,8.1
134142000.0,109,6.2
71500600.0,571,6.7
71309800.0,498,7.3
89808400.0,297,4.6
77264900.0,107,6.1
70626000.0,178,6.2
56505100.0,439,7.8
55973300.0,365,6.1
0.0,310,7.6
54098100.0,571,5.8
60443200.0,106,6.5
82234100.0,522,7.2
51676600.0,632,7.8
52528300.0,27,4.7
51533600.0,755,6.8
51097700.0,450,5.9
84136900.0,577,7.2
46836400.0,989,8.7
47285500.0,104,5.0
47124400.0,181,6.6
44700000.0,851,8.3
44455700.0,92,6.7
43984200.0,133,7.8
66489400.0,161,6.5
41067400.0,41,6.1
40218900.0,1107,8.1
39880500.0,33,5.2
39399800.0,35,5.6
38230400.0,179,5.8
39008700.0,223,6.6
36833500.0,254,6.6
48237400.0,126,5.5
36310100.0,59,5.5
36448000.0,96,7.0
45089000.0,260,6.5
35990500.0,194,5.8
35143300.0,316,5.6
35000600.0,150,5.6
34604100.0,185,5.8
41597800.0,660,7.6
33687600.0,261,6.4
32553200.0,235,6.3
31526400.0,144,4.6
41229.0,41,6.5
31655100.0,364,7.5
30013000.0,409,7.5
32369000.0,292,5.3
14500000.0,159,7.5
29247400.0,261,3.3
30538700.0,114,5.7
25615800.0,50,3.5
28341500.0,4144,9.3
25590100.0,119,4.8
24944200.0,185,6.9
33631200.0,145,6.0
37738400.0,285,7.3
24381300.0,81,6.0
21835800.0,161,6.6
15785600.0,119,7.5
21554600.0,109,6.9
22200000.0,117,6.8
0.0,12,8.3
80014800.0,186,6.3
23528000.0,165,6.4
24042500.0,250,5.6
22467000.0,166,6.3
17791000.0,888,7.3
17718200.0,316,6.6
15361500.0,132,4.6
16647400.0,56,5.1
16118100.0,37,5.6
15091500.0,22,5.3
15331300.0,106,7.5
15045700.0,376,5.6
17427900.0,351,5.9
14983600.0,162,4.7
14637500.0,136,4.8
14589400.0,513,6.8
14095300.0,68,5.4
13973500.0,92,5.1
1865770.0,174,7.0
13920700.0,149,6.7
18860400.0,130,4.0
13038700.0,163,7.3
28831100.0,113,6.8
0.0,189,6.1
0.0,60,7.2
11538200.0,135,7.0
11008400.0,194,7.1
12188600.0,56,6.9
11100000.0,331,7.3
0.0,11,6.3
13651700.0,514,8.2
11031000.0,93,7.1
10770000.0,256,7.7
10911800.0,99,6.5
10719400.0,157,4.9
10114300.0,187,6.4
49122300.0,162,5.9
10070000.0,50,6.2
10324400.0,140,5.8
7156930.0,74,6.7
9286310.0,62,5.9
56692.0,504,7.3
0.0,52,4.8
5654780.0,26,4.1
5516710.0,91,4.9
5128120.0,251,7.9
34014400.0,1033,5.6
4064330.0,173,5.2
4006910.0,20,4.1
3073390.0,300,6.6
1550000.0,471,2.9
0.0,181,7.2
871527.0,128,6.5
12495900.0,35,6.8
777423.0,57,7.2
1186960.0,69,6.8
85433.0,131,7.8
1697960.0,212,6.7
0.0,22,6.1
183662.0,48,7.1
134904.0,17,5.7
0.0,24,2.9
0.0,8,5.2
16969400.0,431,5.3
0.0,103,6.2
0.0,76,7.3
129115.0,26,6.5
0.0,11,4.1
34700000.0,143,7.7
717753.0,128,6.1
109713000.0,219,7.3
70269200.0,962,7.2
28772200.0,163,5.3
101334000.0,488,6.1
1512820.0,56,5.8
65182200.0,38,5.7
57262500.0,318,6.7
80000000.0,113,6.5
74608500.0,404,7.2
41895500.0,170,7.6
39989000.0,418,4.6
32662300.0,275,6.9
31452800.0,243,6.6
25167300.0,263,6.3
32416100.0,268,6.2
20218.0,50,5.3
28871200.0,385,7.3
16964700.0,140,5.6
16291000.0,100,6.2
13000000.0,150,5.2
12372400.0,101,5.3
8427200.0,59,5.4
9639240.0,68,4.9
25003100.0,374,5.5
6144810.0,248,6.7
4308980.0,37,3.9
669276.0,47,7.2
42880.0,50,5.1
23225900.0,157,6.5
4710460.0,330,8.2
75590300.0,553,7.7
218051000.0,2618,7.2
161487000.0,300,6.1
290159000.0,900,8.8
65807000.0,203,6.8
86930400.0,87,6.8
53302300.0,674,6.7
40962500.0,288,7.1
39235100.0,805,7.1
27338000.0,167,6.1
25556100.0,748,8.0
15785600.0,119,7.5
21973200.0,339,6.6
4756.0,32,5.4
18653600.0,103,6.1
12189500.0,129,6.1
13019300.0,47,5.6
18934900.0,397,5.8
20763000.0,383,2.8
12782500.0,71,6.7
11508400.0,19,5.1
10660100.0,165,7.2
7434730.0,81,6.0
6777590.0,224,7.2
6109080.0,65,6.7
0.0,49,6.3
2708190.0,43,6.2
0.0,23,6.8
16123900.0,148,6.2
0.0,33,6.9
71975600.0,580,6.8
38119500.0,273,7.1
4190530.0,185,7.1
217631000.0,252,7.0
176484000.0,611,7.1
144833000.0,111,6.4
75597000.0,174,7.0
90637000.0,83,6.2
70960500.0,192,7.5
55762200.0,132,4.8
0.0,256,8.1
54235400.0,185,7.3
50728000.0,166,5.8
40270900.0,431,7.6
59696200.0,174,5.6
51483900.0,806,7.0
36020100.0,375,6.6
33313600.0,175,6.5
25842000.0,87,7.4
22264500.0,166,4.6
30659800.0,95,6.4
5773520.0,91,6.0
3108220.0,21,6.4
19351600.0,201,5.9
49002800.0,35,6.4
19283800.0,354,6.6
30059400.0,867,6.9
35799000.0,899,6.9
17951400.0,200,5.8
29997100.0,302,6.4
14252800.0,242,5.3
19783800.0,154,6.5
13556000.0,38,5.7
12784700.0,381,6.7
10696200.0,180,3.9
5974650.0,111,4.1
5000000.0,50,6.2
9694100.0,77,3.8
16027900.0,121,5.1
4829500.0,260,6.4
4398390.0,232,7.8
1050440.0,147,7.8
13746600.0,104,6.1
20668800.0,54,5.8
2963010.0,105,6.3
0.0,116,7.7
1796020.0,135,5.4
634277.0,27,7.3
11326800.0,231,6.8
49025000.0,363,7.3
22294300.0,71,6.5
24362500.0,591,7.2
0.0,22,6.7
16684400.0,163,6.3
46700000.0,98,5.9
52008300.0,928,7.8
8579680.0,199,7.4
42660000.0,87,4.8
40219700.0,131,6.3
132089000.0,692,7.8
36581600.0,235,7.5
37721900.0,73,6.0
25296400.0,460,6.8
24848300.0,184,6.6
17757100.0,253,4.6
0.0,33,2.9
9430990.0,115,7.1
16284400.0,79,6.1
6830960.0,147,6.7
24104100.0,517,7.1
15593.0,40,5.8
958319.0,148,6.7
69700000.0,48,5.8
2840420.0,527,6.8
242374000.0,771,8.5
173586000.0,189,6.6
128300000.0,339,7.7
20259300.0,258,4.7
153665000.0,95,6.4
132541000.0,236,5.5
130727000.0,916,8.6
121697000.0,176,7.0
117224000.0,81,7.1
102922000.0,265,5.7
94497300.0,99,3.7
137387000.0,807,7.5
82301500.0,149,4.6
84518200.0,144,4.9
80050200.0,491,6.9
81257800.0,479,7.1
70360300.0,283,5.8
12831100.0,298,7.0
69149000.0,251,5.4
82625000.0,439,7.3
67325600.0,331,7.1
62933800.0,185,5.8
56667900.0,695,8.1
56398200.0,185,5.7
60072600.0,68,4.4
56362400.0,588,7.9
56154100.0,130,7.6
65623100.0,50,4.8
0.0,280,7.8
55461300.0,46,6.7
48546600.0,613,2.7
48423400.0,79,5.8
52066000.0,212,7.5
47887900.0,58,5.4
46363100.0,389,4.1
47852600.0,337,5.9
45542400.0,53,6.3
41573700.0,383,7.0
42652000.0,87,6.8
0.0,20,3.5
39737600.0,666,2.3
37567400.0,337,6.9
44988200.0,409,8.1
39263500.0,135,6.1
39143800.0,284,5.0
37672400.0,51,5.5
38037500.0,117,6.2
37442200.0,236,6.2
0.0,230,5.9
35596200.0,463,6.3
35422800.0,155,6.7
36658100.0,187,3.5
34300800.0,908,7.5
34290100.0,145,6.6
33422600.0,321,7.5
32774800.0,700,7.2
34334300.0,255,4.8
32051900.0,140,6.6
32014300.0,177,3.5
0.0,106,6.7
31838000.0,281,7.6
36874700.0,117,6.3
30079300.0,474,5.5
35033800.0,93,6.3
29753900.0,389,6.5
29062600.0,119,5.6
31146600.0,165,6.9
27277100.0,602,7.6
26876500.0,189,3.9
53146000.0,77,6.1
30028600.0,189,7.3
34126100.0,1514,8.3
25677800.0,136,5.8
26415600.0,189,6.8
26003100.0,401,7.0
25584700.0,102,5.9
29976000.0,281,6.5
31584700.0,131,6.4
23179300.0,44,5.8
23078300.0,281,5.1
21413100.0,97,6.8
25078000.0,84,5.3
23292100.0,334,5.3
26870800.0,124,6.4
20916300.0,37,4.9
21200000.0,162,6.8
28876900.0,35,7.1
20207000.0,202,6.8
20241400.0,403,6.1
0.0,51,7.0
32000000.0,1040,8.5
19151900.0,100,5.9
23393800.0,76,6.3
18882900.0,125,5.9
8500000.0,34,5.4
0.0,185,7.0
18252700.0,219,6.9
19662000.0,231,7.5
18352500.0,760,8.2
17803800.0,97,5.9
17529200.0,220,5.0
25753800.0,592,7.3
18081600.0,32,6.4
17518200.0,76,6.6
17104700.0,354,7.8
0.0,6,6.7
16989000.0,75,4.0
15797900.0,230,7.6
16248700.0,559,7.7
15712100.0,138,5.8
191449000.0,1535,5.2
15408800.0,92,5.6
15464000.0,158,5.3
14359800.0,188,7.4
8000000.0,100,6.6
0.0,81,6.2
14174700.0,359,1.9
15988900.0,110,5.7
13801800.0,100,6.6
13987500.0,91,6.0
14291600.0,236,6.1
12181500.0,176,4.8
13630200.0,223,6.2
13383700.0,86,7.5
13391200.0,177,6.3
12987600.0,199,7.1
12469800.0,316,6.6
12398600.0,88,6.1
13214000.0,147,6.7
12232900.0,113,5.6
12134400.0,366,7.2
11784000.0,26,4.3
11169500.0,235,6.4
11034400.0,180,7.1
12626900.0,106,6.3
10569100.0,131,7.4
10544100.0,121,6.1
13650700.0,129,6.6
10555300.0,42,6.0
9714480.0,140,6.8
8579680.0,199,7.4
9525280.0,299,6.8
8855650.0,117,7.2
9109320.0,129,1.9
8326040.0,76,5.5
8104070.0,26,4.5
8054280.0,117,6.3
0.0,64,7.0
8093320.0,242,6.7
7382990.0,114,2.8
8888360.0,25,5.0
0.0,29,7.5
7001720.0,205,4.3
7268660.0,164,5.6
6852140.0,213,6.2
6563360.0,120,5.3
6201760.0,202,7.4
6420320.0,122,7.4
5702080.0,190,6.5
5481000.0,293,7.1
6002760.0,75,7.2
5132660.0,521,2.3
5205340.0,39,6.4
5005880.0,361,6.1
5749130.0,180,7.0
0.0,102,6.5
4234040.0,45,7.0
4001120.0,230,7.0
3749060.0,113,4.9
3519630.0,105,6.9
3081920.0,274,7.5
2298190.0,570,8.4
2353730.0,53,6.9
2000000.0,74,4.5
1900720.0,232,7.4
2246000.0,20,7.0
1646660.0,66,2.8
1190020.0,1137,7.5
1027750.0,33,7.1
882710.0,138,6.4
1064280.0,83,6.7
531009.0,61,5.3
410388.0,79,6.9
375474.0,46,6.2
578382.0,67,6.3
305070.0,25,6.4
206678.0,66,6.5
146072.0,16,6.0
1183350.0,75,5.1
121972.0,81,5.5
263365.0,36,5.4
54734.0,62,5.7
0.0,29,6.2
0.0,118,6.7
0.0,11,5.8
0.0,1,7.0
0.0,3,4.8
0.0,1,7.2
0.0,101,5.6
0.0,133,6.4
8047690.0,220,7.5
476270.0,110,7.4
184209000.0,382,8.0
100293000.0,296,5.7
58571500.0,112,6.8
51431200.0,232,5.9
103001000.0,869,7.2
41868000.0,478,5.5
0.0,1320,8.4
210610000.0,809,8.5
40846100.0,536,5.6
51697400.0,59,4.1
0.0,6,5.0
27758500.0,120,6.1
56127200.0,205,5.4
1357040.0,125,7.1
15911300.0,119,3.6
39103400.0,251,6.5
10049900.0,902,8.6
0.0,12,6.2
8600000.0,95,7.0
21483200.0,236,7.6
8396940.0,103,6.5
12561.0,181,6.4
0.0,91,6.7
6923890.0,83,6.3
5308550.0,37,6.4
2119990.0,15,5.7
1292530.0,44,6.3
560512.0,3,7.8
64255200.0,518,6.0
22245900.0,710,7.7
20433900.0,662,6.2
0.0,4,5.7
10562400.0,648,7.7
18439100.0,287,6.4
150057000.0,397,6.4
119939000.0,213,6.9
114969000.0,204,7.3
128506000.0,1198,7.3
95001400.0,548,6.2
76400000.0,192,6.6
75072500.0,522,6.7
65535100.0,202,5.7
13998300.0,374,3.1
6061760.0,475,6.3
64956000.0,69,5.7
60057600.0,485,7.1
53868000.0,425,7.0
59573100.0,103,6.1
52691000.0,45,6.6
59735500.0,629,7.8
51600000.0,549,8.3
43818200.0,260,3.9
86049400.0,554,7.0
43601500.0,317,6.7
41300100.0,651,7.3
0.0,281,7.5
41382800.0,96,6.3
42335700.0,1101,7.8
33404900.0,384,7.3
31471400.0,828,7.6
30222600.0,144,5.3
26830000.0,365,7.9
26906000.0,76,5.3
21378000.0,335,6.8
43853400.0,114,7.1
0.0,124,7.2
23993600.0,248,5.8
26400000.0,109,5.8
45250.0,494,8.3
22927400.0,77,5.6
4250320.0,86,6.8
22452200.0,82,5.0
18329500.0,440,7.6
17071200.0,192,6.7
17174900.0,210,6.7
26284500.0,68,5.7
16702900.0,49,5.2
15561600.0,359,7.5
17750600.0,307,7.2
14793900.0,80,5.3
15281300.0,105,6.5
8000000.0,41,5.0
13491700.0,213,6.1
0.0,149,7.4
10494500.0,109,4.4
7837630.0,287,7.5
15155800.0,48,5.7
8508840.0,35,5.5
7739050.0,112,7.1
6734840.0,118,5.9
6000000.0,102,6.7
6615580.0,82,7.0
5887460.0,420,7.9
13362300.0,111,6.9
5701640.0,165,7.3
5694400.0,192,7.3
5333660.0,54,3.5
4414540.0,224,7.8
4806750.0,53,7.4
3707790.0,156,6.7
3203040.0,155,6.4
4435080.0,119,7.1
0.0,44,6.7
2222650.0,193,7.8
0.0,6,4.0
3500000.0,100,5.9
676698.0,180,7.2
3419970.0,56,7.2
0.0,93,5.1
145118.0,36,7.7
0.0,20,5.5
229311.0,42,6.2
0.0,419,7.2
0.0,50,5.2
63260.0,90,6.7
0.0,49,6.3
0.0,95,5.0
0.0,140,6.2
121463000.0,555,7.6
90485200.0,45,4.1
0.0,34,5.3
58006100.0,108,6.2
51053800.0,247,6.5
23472900.0,609,8.1
39687500.0,376,6.3
7017180.0,17,4.4
0.0,101,4.6
325491.0,67,6.0
96471800.0,1109,7.6
85200000.0,1076,8.4
72000000.0,258,7.9
72219400.0,419,5.6
82389600.0,147,6.5
71502300.0,835,7.5
19180000.0,177,6.3
47000000.0,1191,7.9
84961.0,841,7.9
37566200.0,48,5.1
70492700.0,64,6.7
35635000.0,482,6.7
45670900.0,279,5.6
37939800.0,207,5.6
172052000.0,665,6.8
30324900.0,239,6.2
27854900.0,129,5.6
41777600.0,855,6.4
22734500.0,117,5.6
44469600.0,83,7.4
24708700.0,30,4.9
21160100.0,92,6.0
64998400.0,250,7.2
19693900.0,107,4.9
16311800.0,416,7.5
12693600.0,271,4.8
15655700.0,112,3.1
11634500.0,37,5.8
27154400.0,138,6.7
0.0,50,6.8
54239900.0,789,6.5
8662320.0,75,5.9
7156720.0,217,5.5
15681000.0,259,3.6
7070460.0,18,3.3
6855140.0,419,7.4
2694070.0,64,6.7
2315680.0,28,3.0
39825800.0,645,7.6
2000000.0,27,6.4
1569920.0,113,6.9
106869.0,39,6.6
273420.0,238,5.5
0.0,39,6.6
0.0,71,5.2
4930800.0,108,4.1
59847200.0,115,6.8
220914.0,97,6.5
39825800.0,645,7.6
43848100.0,219,7.4
42700000.0,196,7.7
18663900.0,151,7.1
11702100.0,50,6.3
13005500.0,469,7.6
95860100.0,491,8.0
127175000.0,438,7.3
92823600.0,273,7.6
54000000.0,154,7.8
68525600.0,302,6.5
52885600.0,267,6.4
44667100.0,583,8.0
42638200.0,230,4.8
45507100.0,377,7.8
39511000.0,366,5.9
6462580.0,30,5.4
40363500.0,307,3.3
37623100.0,1083,8.2
0.0,57,6.6
33357500.0,53,5.4
28734600.0,81,6.4
37300100.0,115,4.8
27087700.0,205,5.9
30102700.0,72,5.5
23618800.0,687,7.9
26896700.0,125,4.9
23213600.0,365,7.2
0.0,54,6.6
55461300.0,46,6.7
20627400.0,134,5.3
16346100.0,171,7.2
16204800.0,294,5.1
15427200.0,148,5.6
14792800.0,91,7.6
13998300.0,374,3.1
19057000.0,361,7.2
14108500.0,95,5.7
13854000.0,55,5.2
77324400.0,261,7.7
15500000.0,302,7.0
11540100.0,20,3.6
0.0,90,4.9
4734240.0,123,6.0
4839380.0,148,6.6
4193020.0,194,6.8
5900000.0,316,7.2
2849140.0,88,7.2
1686430.0,62,2.8
1984740.0,70,6.6
1666260.0,78,6.7
2319190.0,212,7.0
13922200.0,150,4.4
0.0,49,7.1
23091.0,42,6.2
336467.0,192,7.3
2964.0,42,5.1
0.0,304,8.1
0.0,43,6.7
2428880.0,132,6.6
13571800.0,40,4.5
0.0,79,8.1
1554570.0,180,6.6
508867.0,26,6.5
1181200.0,24,5.9
81525.0,91,6.6
7774730.0,352,6.5
234760000.0,175,7.3
285761000.0,305,7.5
167781000.0,42,5.9
177200000.0,194,7.4
176782000.0,388,6.9
128068000.0,1641,7.9
130058000.0,2715,8.4
138795000.0,636,8.0
111936000.0,79,6.0
0.0,68,7.3
317040.0,36,6.8
94175900.0,199,7.8
0.0,25,5.7
0.0,1,6.1
91121500.0,608,8.1
69800000.0,60,6.1
79900000.0,84,7.5
64001300.0,103,6.2
71588200.0,304,6.2
47000000.0,1191,7.9
61400000.0,183,7.4
101979000.0,162,6.6
56437900.0,421,7.3
73326700.0,306,7.5
55184700.0,100,5.6
50003300.0,132,7.3
54322300.0,509,6.4
47860200.0,468,5.0
47811300.0,99,5.4
0.0,1026,8.2
43022500.0,218,7.1
42672600.0,172,5.3
42919100.0,122,6.5
42592500.0,181,6.2
40065000.0,502,6.4
39101000.0,59,7.2
44886100.0,207,6.9
37882600.0,393,5.7
40983000.0,336,7.7
20991500.0,172,5.4
35007200.0,193,5.6
35887300.0,388,7.7
34308900.0,87,5.1
33771200.0,240,6.8
6000000.0,559,8.4
33386100.0,491,4.9
37878000.0,252,7.1
32721600.0,279,6.6
31585300.0,250,6.1
30259700.0,614,4.1
163192000.0,637,5.8
30857800.0,718,8.1
30226100.0,118,7.6
35054900.0,1264,7.8
29302100.0,105,4.6
29106700.0,132,6.0
28637500.0,713,7.0
30128000.0,64,6.7
32645500.0,88,6.4
27441100.0,116,7.2
28014500.0,296,7.4
33860000.0,143,4.8
26421300.0,457,4.0
24881000.0,195,6.2
23089900.0,735,7.7
26161400.0,52,6.7
22955000.0,156,7.9
26384900.0,560,7.9
22189000.0,55,5.5
20998700.0,76,6.2
20801300.0,211,5.1
21468800.0,227,4.1
19158100.0,127,6.7
18843300.0,284,4.7
20566300.0,84,6.4
20218900.0,114,6.3
17411300.0,237,5.5
21383300.0,376,7.3
24984900.0,152,6.3
16459000.0,415,4.9
15700000.0,876,7.6
15100000.0,96,6.0
14938600.0,369,6.2
17237200.0,158,6.8
14249000.0,619,4.5
12701900.0,22,5.7
10353700.0,31,8.4
12801200.0,355,4.6
12549500.0,91,6.2
13766000.0,181,7.0
13034400.0,118,6.9
11632400.0,135,6.1
12212400.0,144,6.7
11614200.0,140,5.6
13337300.0,226,6.6
10763500.0,55,6.4
11144500.0,53,2.8
15608500.0,224,5.4
10443300.0,88,5.0
10494100.0,162,5.1
9929000.0,513,8.0
10412000.0,212,5.9
0.0,77,7.5
17439200.0,1028,8.2
9396490.0,200,7.0
9059590.0,125,6.6
9172810.0,118,6.7
8735530.0,89,5.5
8586380.0,132,4.9
8378140.0,141,6.9
0.0,56,7.4
8080120.0,66,5.6
7757130.0,513,8.0
9123830.0,33,5.3
6409210.0,104,6.2
6373690.0,53,5.3
7556710.0,102,6.6
5306450.0,169,7.2
5217500.0,85,4.6
5023280.0,199,7.5
4956400.0,89,6.5
4235840.0,336,7.6
4002960.0,198,6.2
7219580.0,1768,8.0
3525160.0,190,5.5
3247820.0,108,6.3
2412040.0,320,7.2
0.0,39,7.9
2203640.0,162,6.7
1953730.0,62,5.3
1954200.0,71,6.3
1294640.0,436,6.5
0.0,13,5.6
819852.0,83,7.0
26435.0,413,8.3
1197790.0,157,7.2
529766.0,144,6.8
613556.0,87,6.4
353743.0,111,6.9
502028.0,172,8.0
102055.0,72,6.2
122288.0,201,6.4
0.0,29,5.6
73548.0,209,6.1
0.0,15,6.0
28870.0,41,5.1
22723.0,40,4.5
20380.0,39,5.9
0.0,32,6.0
0.0,12,5.8
0.0,134,6.1
0.0,108,4.9
0.0,4,5.7
0.0,53,7.1
0.0,32,6.6
70907000.0,609,8.1
66010000.0,135,5.7
46338700.0,506,6.8
7691700.0,73,7.5
0.0,13,6.2
101157000.0,495,8.3
74205.0,81,7.4
141319000.0,1017,8.0
156646000.0,201,6.9
178406000.0,271,6.9
109306000.0,62,5.5
0.0,20,5.7
70001700.0,173,7.2
68856300.0,97,6.9
51527800.0,268,5.5
49122300.0,162,5.9
0.0,376,7.7
61356200.0,162,5.2
46800000.0,275,7.1
0.0,57,6.6
38048600.0,426,5.5
34700000.0,143,7.7
35010200.0,43,5.4
34793200.0,31,6.7
30629000.0,160,5.0
29959400.0,350,6.4
25571400.0,78,6.6
27515800.0,31,5.9
25482900.0,33,5.7
19900000.0,53,4.5
0.0,252,3.7
16298000.0,747,5.0
15549700.0,123,4.6
15483500.0,215,6.5
20247000.0,20,4.9
15062900.0,106,6.0
14348100.0,157,6.9
15171500.0,122,5.7
0.0,75,6.7
13640000.0,39,6.9
12550200.0,55,5.5
12610700.0,673,4.4
47811300.0,99,5.4
11204500.0,270,7.0
10397400.0,104,5.4
9402410.0,32,5.4
5990080.0,175,8.0
5459820.0,320,7.6
5108820.0,112,5.9
4741990.0,114,6.6
4291960.0,59,6.7
3100650.0,181,3.9
2474000.0,27,5.7
2656320.0,79,6.7
1000000.0,8,6.5
3958500.0,165,6.8
403649.0,31,6.3
274299.0,55,7.3
0.0,34,6.9
183088.0,36,7.0
46495.0,119,6.5
0.0,66,3.6
1752210.0,104,7.7
83025900.0,2254,7.7
190871000.0,491,5.9
56631600.0,248,6.8
15855000.0,378,7.4
12282700.0,96,5.1
447093.0,37,9.1
7060880.0,314,7.4
14989800.0,284,7.2
687081.0,59,6.0
0.0,2,7.4
5501940.0,564,8.3
2086340.0,140,8.1
2605040.0,616,6.3
123922000.0,131,7.3
163591.0,17,3.6
73000900.0,233,1.6
106952000.0,1140,8.0
58607000.0,630,6.2
57300000.0,650,9.0
91038300.0,320,6.1
49369900.0,260,5.7
61693500.0,55,6.8
46729400.0,469,5.5
44726600.0,120,6.8
44134900.0,171,7.3
48637700.0,42,6.1
38176100.0,549,7.2
28972200.0,159,5.9
27979400.0,72,6.1
54257400.0,139,6.8
23947.0,1100,7.7
60008300.0,91,4.9
49121900.0,32,6.1
27142000.0,168,2.5
27052200.0,168,6.1
26539300.0,42,5.9
28501600.0,166,5.7
52543600.0,84,5.6
25592600.0,1066,7.2
25441000.0,611,7.7
22858900.0,840,7.8
22235900.0,31,6.1
38916900.0,149,5.8
16929100.0,169,6.5
13753900.0,316,7.9
10996400.0,128,6.3
8026970.0,20,3.8
14677700.0,351,8.3
9975680.0,117,6.4
7881340.0,107,6.7
6241700.0,210,6.1
5871600.0,39,6.0
16574700.0,181,5.8
5002310.0,181,5.6
4919900.0,159,6.1
25675800.0,84,5.9
4857380.0,123,7.3
3169420.0,59,6.8
18004200.0,87,5.7
3058380.0,69,7.3
3074840.0,166,6.3
2104000.0,19,5.9
28501700.0,201,7.1
1172770.0,108,7.1
17738600.0,457,8.0
1200000.0,23,5.1
1150400.0,102,7.1
403932.0,92,6.5
1712110.0,53,4.5
1024180.0,297,6.6
301305.0,180,4.3
51872400.0,266,6.7
31662.0,1,6.8
28399200.0,106,5.4
2035570.0,162,6.6
0.0,96,7.4
21078100.0,159,7.3
14061000.0,139,6.9
12281500.0,460,8.0
0.0,35,6.4
10725200.0,365,7.8
214966.0,176,6.1
0.0,106,6.1
11956200.0,126,5.1
0.0,44,7.8
5949690.0,299,7.4
9030580.0,398,7.8
4157490.0,690,8.0
1508690.0,50,6.7
1227320.0,48,6.6
4360550.0,60,6.4
26590000.0,392,6.7
1039870.0,51,6.2
48092800.0,133,7.3
1110190.0,224,8.1
1089440.0,33,7.0
204565000.0,1058,8.0
260000000.0,962,8.0
101736000.0,789,7.0
71442.0,32,7.9
79817900.0,69,5.9
91547200.0,62,6.6
75075000.0,156,6.3
78900000.0,359,7.7
72217000.0,242,6.9
79568000.0,152,7.1
65500000.0,175,7.4
70011100.0,349,6.5
65269000.0,271,6.5
63071100.0,154,6.8
39647600.0,462,7.5
38087400.0,165,6.6
64572500.0,471,7.1
30400000.0,68,6.6
42365600.0,177,7.0
37188700.0,578,3.3
54724300.0,261,6.7
0.0,258,8.0
31597100.0,605,6.8
31691800.0,369,6.0
31397500.0,156,5.4
31179500.0,49,4.3
31155400.0,102,6.2
27281500.0,147,7.7
167007000.0,2301,8.0
25776100.0,271,7.4
25241000.0,50,5.9
124869000.0,548,7.8
22905700.0,290,7.4
25277600.0,93,6.5
0.0,75,5.4
21133100.0,374,7.0
0.0,302,8.6
37707700.0,233,7.6
18762000.0,219,6.9
0.0,123,7.0
18595700.0,150,5.3
31990100.0,160,6.4
17321600.0,18,4.5
17613500.0,274,7.8
21088600.0,104,6.7
17292400.0,69,5.3
16300300.0,203,6.3
27829900.0,444,7.0
13960200.0,15,5.3
12902800.0,88,6.6
21520700.0,36,5.8
12796300.0,281,6.7
0.0,48,6.6
11634400.0,296,7.0
11433100.0,426,8.4
22406400.0,267,6.0
10198800.0,105,5.4
15294600.0,391,7.8
11041200.0,420,7.6
7918280.0,145,6.6
22331000.0,177,6.4
8134220.0,90,7.0
6982680.0,69,5.7
6739140.0,68,5.9
5542020.0,150,6.3
5032500.0,161,6.3
6754900.0,188,6.2
4922170.0,304,2.1
4903000.0,33,5.0
4717460.0,354,5.3
3148480.0,98,7.1
2326410.0,99,7.0
2201410.0,279,7.0
0.0,10,5.7
2060950.0,316,7.1
3950290.0,124,7.0
2835890.0,124,7.7
1779280.0,122,7.1
1702280.0,235,6.8
261481.0,210,7.5
1507000.0,50,6.3
860002.0,43,7.3
548934.0,57,6.8
447750.0,133,7.2
333976.0,90,6.4
141853.0,12,6.0
303439.0,78,6.4
793352.0,25,5.1
214202.0,75,7.5
195888.0,45,7.1
175370.0,133,4.6
190666.0,20,5.7
0.0,124,6.8
119922.0,62,7.7
177344000.0,214,6.7
0.0,12,3.2
0.0,49,6.1
17149.0,61,5.6
0.0,293,6.9
14616.0,10,7.5
91443300.0,153,5.8
30093100.0,726,8.3
0.0,7,2.8
57469200.0,248,6.6
48856.0,40,7.5
0.0,27,6.0
0.0,6,6.2
148170000.0,245,7.2
460936000.0,1470,8.7
35537600.0,166,6.0
111722000.0,255,8.0
10230.0,26,7.2
90556400.0,171,4.5
93571800.0,389,7.9
72755500.0,196,7.1
52929200.0,201,7.5
50461300.0,132,6.8
0.0,33,4.3
49797100.0,97,7.2
0.0,102,5.8
46563200.0,629,7.1
41227100.0,962,7.4
39025000.0,190,7.6
38201900.0,749,6.9
27669400.0,194,6.0
0.0,131,6.9
37766400.0,56,7.3
23978400.0,100,4.6
21370100.0,80,6.0
0.0,35,6.4
4884660.0,64,5.5
38317500.0,212,7.5
0.0,369,8.1
13903300.0,90,6.3
13592900.0,79,5.1
18381800.0,126,6.8
13558700.0,121,5.3
13103800.0,463,7.3
33305000.0,147,7.3
10214600.0,204,7.1
11501100.0,604,7.6
4814240.0,107,5.3
9170210.0,292,7.8
4068090.0,74,7.7
3753810.0,165,7.7
3034180.0,128,5.4
2832830.0,19,6.2
13214300.0,313,7.4
16017400.0,153,6.2
2807850.0,39,5.1
0.0,36,6.9
540085.0,69,6.3
352786.0,86,6.8
76600000.0,321,7.4
0.0,59,5.7
56730000.0,262,5.8
0.0,12,6.2
0.0,111,4.3
399879.0,115,6.4
3275440.0,264,6.0
18535200.0,132,6.9
23838.0,160,5.5
22160100.0,349,5.4
56715400.0,1736,8.3
434949000.0,515,7.9
11043400.0,74,6.5
0.0,28,6.3
125169.0,31,6.4
0.0,18,7.9
1165100.0,43,5.3
1066560.0,111,5.8
5669080.0,57,6.6
0.0,27,7.4
138339000.0,682,8.3
0.0,50,5.3
80150300.0,614,6.2
85300000.0,134,6.9
68353600.0,385,5.9
78845100.0,94,6.1
63319500.0,389,5.8
47537000.0,275,7.3
63270300.0,319,5.9
55865700.0,403,5.5
63231500.0,137,5.0
52294000.0,115,7.0
0.0,192,7.8
50752300.0,46,6.4
110176000.0,911,5.9
38624000.0,289,7.0
37470000.0,985,6.1
40485000.0,181,6.9
16800000.0,138,7.5
46377000.0,266,7.3
36696800.0,38,6.5
36200000.0,193,6.2
0.0,437,6.7
35794200.0,155,6.0
33583200.0,319,6.3
32983700.0,66,5.8
52200500.0,183,6.1
33000000.0,109,6.9
30093100.0,726,8.3
32101000.0,96,5.4
31487300.0,129,6.7
30651400.0,1015,7.4
30306300.0,147,5.6
29500000.0,121,6.5
30050000.0,201,6.5
29392400.0,26,5.8
28563900.0,217,5.0
28435400.0,151,5.5
25339100.0,247,6.5
25600000.0,308,7.2
0.0,6,7.3
0.0,182,7.2
27736800.0,126,5.2
24397500.0,48,5.7
20384100.0,371,4.7
25464500.0,330,5.9
20338600.0,280,6.8
18272400.0,35,5.9
0.0,90,5.3
17379000.0,75,6.0
17096100.0,640,7.7
21371400.0,944,4.4
33071600.0,100,6.6
17655200.0,24,6.7
16247800.0,104,5.5
16153600.0,30,6.5
16033600.0,518,6.2
16667100.0,248,7.1
15417800.0,540,6.1
0.0,78,7.1
15156200.0,131,6.0
21589300.0,261,7.4
20339800.0,73,5.9
28873400.0,68,4.1
15102100.0,59,5.8
13684900.0,43,5.9
14597400.0,216,7.0
12570400.0,234,6.8
12514100.0,28,7.4
43771300.0,279,7.1
11703300.0,148,7.0
11560300.0,180,5.8
10824900.0,621,7.8
10561200.0,321,6.5
14479800.0,147,7.0
9801780.0,481,6.3
8070310.0,75,5.3
0.0,178,6.8
8461000.0,125,5.5
8111360.0,203,7.4
8828770.0,352,4.3
67631200.0,374,6.0
7563670.0,53,5.2
6619170.0,221,6.7
6857500.0,85,6.3
0.0,173,7.9
6712240.0,1420,8.6
6842060.0,99,6.1
6491350.0,26,5.8
9473380.0,247,7.7
6197870.0,414,8.0
6044620.0,92,5.6
7764030.0,119,6.7
5998970.0,143,6.6
0.0,31,4.2
21569000.0,57,6.6
4356740.0,79,4.1
5484380.0,205,7.3
5348320.0,100,7.1
4244160.0,112,6.5
5004650.0,114,7.0
3333820.0,122,5.5
3275580.0,88,6.6
3193100.0,240,7.1
54557300.0,1624,7.9
3041800.0,181,7.1
3060860.0,37,5.6
1055650.0,175,7.3
2331320.0,64,3.3
2185270.0,186,6.5
26583400.0,127,4.8
800000.0,21,5.2
7574070.0,96,6.3
1754320.0,81,7.2
1641790.0,213,6.8
1631840.0,91,5.7
1309850.0,103,7.2
1939440.0,144,6.9
447093.0,37,9.1
0.0,110,6.3
1276980.0,150,6.2
1987760.0,216,6.7
1474510.0,88,6.5
1011050.0,83,7.2
900926.0,46,5.3
866778.0,117,6.7
836641.0,40,6.2
598645.0,215,3.6
578527.0,112,5.7
488872.0,243,7.3
365734.0,226,5.0
231417.0,21,6.6
3093490.0,37,6.6
244465.0,14,6.8
756452.0,118,6.2
228524.0,56,7.3
226792.0,44,6.2
221210.0,129,6.9
136432.0,194,6.6
131617.0,119,6.3
152857.0,56,7.0
126247.0,103,3.3
82739.0,3,6.7
169379.0,3,6.2
0.0,18,6.5
15447.0,85,3.5
19348.0,11,5.5
100503.0,20,5.9
92900.0,23,4.7
140987.0,4,4.2
0.0,57,5.2
0.0,10,5.2
5561.0,34,3.9
3607.0,94,6.1
0.0,89,5.8
70527.0,68,6.7
0.0,82,5.7
0.0,11,4.5
0.0,38,6.9
0.0,2,4.8
0.0,31,6.3
11835.0,7,6.9
0.0,16,5.4
0.0,60,3.8
0.0,27,7.0
0.0,3,5.2
128486.0,74,7.3
0.0,75,4.6
0.0,27,6.5
16025400.0,220,6.8
2483960.0,165,6.7
57176600.0,84,6.1
0.0,42,5.2
43100000.0,267,6.9
0.0,12,6.0
225377.0,190,7.9
14114500.0,114,4.5
0.0,26,5.1
46300000.0,344,7.6
12899700.0,228,7.6
0.0,147,6.7
113155.0,54,6.1
2600000.0,88,7.5
0.0,38,5.3
1602470.0,106,6.0
3029870.0,551,7.1
0.0,80,7.5
3047540.0,286,6.9
78900000.0,1110,8.5
30859000.0,826,7.5
3571740.0,129,6.6
50000000.0,150,8.0
63600000.0,275,7.0
0.0,76,5.8
0.0,29,7.3
36049100.0,70,6.8
34074900.0,79,6.7
33244700.0,281,6.5
24530500.0,429,8.0
71519200.0,244,6.5
20035300.0,173,4.9
18225200.0,316,7.1
17804300.0,370,7.0
16938200.0,246,7.0
90400000.0,159,7.5
16235300.0,278,4.5
11827300.0,26,5.5
10161100.0,108,7.7
6610330.0,127,7.2
6126240.0,41,4.8
6047860.0,327,6.7
4681500.0,238,7.0
4350770.0,52,6.5
3420870.0,81,7.4
0.0,54,3.5
0.0,56,5.7
2955040.0,27,6.2
1530540.0,63,5.7
4881870.0,76,6.4
1043490.0,314,7.0
770629.0,24,7.7
11860800.0,21,5.4
454255.0,47,6.6
349618.0,45,6.1
0.0,1,6.1
112935.0,94,7.6
883887.0,14,6.2
13751.0,6,6.6
0.0,57,6.1
145109.0,44,7.3
1046170.0,45,4.2
0.0,44,7.1
2874.0,14,6.0
0.0,42,6.5
174635000.0,93,6.5
0.0,64,5.7
0.0,57,6.1
0.0,39,7.1
171320.0,33,7.3
14373800.0,196,6.5
0.0,73,7.9
162.0,38,5.7
32222600.0,339,7.2
39462400.0,226,7.3
29200000.0,52,6.9
21564600.0,41,5.0
0.0,186,5.9
0.0,14,6.7
14879600.0,441,7.3
13569200.0,117,7.6
34017900.0,116,6.5
4273370.0,308,2.1
0.0,57,5.3
0.0,17,7.2
4440060.0,110,7.0
4018700.0,235,8.0
80000000.0,113,6.5
6262940.0,312,6.9
1997810.0,140,7.1
1207010.0,47,7.3
1829140.0,222,7.5
3827470.0,102,6.9
90800000.0,235,7.2
0.0,90,7.2
140244.0,259,6.7
0.0,159,6.0
107930000.0,2195,8.9
76657000.0,92,7.7
32280000.0,552,7.9
4992160.0,201,5.6
163214000.0,406,8.0
69800000.0,99,6.2
59889900.0,889,7.9
52287400.0,584,8.1
45063900.0,1441,7.6
40066500.0,247,3.5
36500000.0,142,7.6
27362700.0,60,6.5
34746100.0,14,5.6
34964000.0,378,7.7
25926500.0,148,5.2
0.0,211,6.9
26049100.0,100,6.1
0.0,48,5.0
0.0,6,7.8
22551000.0,165,7.4
22800000.0,452,6.8
0.0,25,7.1
18090200.0,271,6.4
17843400.0,147,5.7
18811100.0,172,7.5
17279000.0,164,6.7
16699700.0,78,5.6
50815300.0,625,7.0
15047400.0,1061,7.6
14015800.0,298,6.5
0.0,90,7.0
10269300.0,188,6.3
0.0,25,6.4
17536800.0,142,7.1
58401500.0,264,7.1
8880700.0,11,6.5
8279020.0,339,6.9
10106200.0,32,5.4
0.0,55,4.9
4692810.0,34,5.1
5018450.0,86,5.3
25967000.0,86,7.5
0.0,85,8.3
3442820.0,140,7.3
3205240.0,141,7.3
3076420.0,162,7.1
2275560.0,102,6.0
1789890.0,109,6.6
6350060.0,150,7.2
1094800.0,73,7.2
1071240.0,34,6.9
532190.0,37,6.8
0.0,15,4.0
686383.0,71,7.7
16168700.0,182,7.4
568695.0,110,6.5
398420.0,48,6.4
0.0,12,7.2
336456.0,79,5.6
146083.0,27,6.3
298110.0,98,6.8
127144.0,27,5.5
117190.0,86,6.9
108662.0,107,6.0
0.0,33,7.7
53481.0,34,6.4
23106.0,58,6.6
52961.0,11,5.3
439162.0,430,8.1
0.0,31,5.9
0.0,31,7.7
0.0,24,4.6
50000.0,2,5.1
671240.0,149,6.9
0.0,5,8.0
10105500.0,288,6.8
0.0,13,5.4
882290.0,43,6.5
0.0,14,4.2
106593000.0,134,7.4
43490100.0,30,6.9
32333900.0,81,6.7
0.0,19,7.3
24792100.0,323,7.6
17544800.0,384,5.4
12574700.0,237,7.3
10281600.0,268,6.4
5100000.0,61,6.0
10460100.0,214,7.2
4239770.0,83,6.0
4131640.0,20,3.1
3347440.0,33,6.9
10814200.0,106,6.2
533344.0,95,5.5
206400.0,26,6.9
197148.0,150,6.3
0.0,3,4.8
54557300.0,1624,7.9
3014540.0,98,6.7
0.0,4,5.6
872643.0,37,5.4
4443400.0,158,8.0
0.0,69,5.7
0.0,96,7.6
1330830.0,73,7.0
1818680.0,224,7.2
336530000.0,1902,6.2
12610600.0,206,3.5
143493000.0,881,7.5
0.0,29,5.1
43800000.0,276,6.7
134822000.0,2238,9.2
94900000.0,128,6.1
32391400.0,494,7.7
40158000.0,241,7.6
113710000.0,281,6.1
32131500.0,369,4.9
35400000.0,251,6.8
34099600.0,149,7.0
31973800.0,168,7.2
37295400.0,59,5.7
144813000.0,753,7.3
31501200.0,526,7.5
28747600.0,416,7.4
25625100.0,202,7.2
403932.0,92,6.5
0.0,173,9.0
25000000.0,242,6.8
21000000.0,258,6.8
20257000.0,65,5.2
26005900.0,1100,7.2
18642300.0,13,7.5
15819000.0,120,4.0
14891000.0,105,6.8
16901100.0,687,6.9
0.0,665,8.2
17474100.0,89,7.3
14003100.0,29,6.1
304360000.0,1498,7.8
12583500.0,922,6.0
0.0,21,4.1
9190520.0,324,7.0
9176550.0,97,7.1
9094450.0,79,6.2
14612800.0,37,6.9
9166860.0,247,7.6
8373580.0,308,7.6
7292180.0,100,6.4
6601080.0,276,6.2
6165430.0,249,7.5
5694310.0,46,2.0
5430820.0,75,6.2
0.0,83,7.7
4720370.0,85,6.5
0.0,160,7.4
2921740.0,119,7.9
2344850.0,119,6.8
7455450.0,126,6.3
2148210.0,20,6.3
2062070.0,147,6.6
1654370.0,106,6.4
1738690.0,301,7.5
2209480.0,34,5.8
1889520.0,12,6.5
0.0,16,4.8
1110290.0,65,7.2
1000000.0,26,6.3
700000.0,78,7.0
1768420.0,198,6.3
1425990.0,72,5.3
306715.0,62,2.3
382946.0,99,7.1
518134.0,66,6.2
236266.0,290,6.2
196067.0,25,6.7
532988.0,25,6.5
453079.0,29,5.9
0.0,28,6.7
46451.0,38,6.0
233103.0,50,6.9
0.0,876,7.9
0.0,1,5.3
0.0,70,4.8
0.0,9,5.3
0.0,6,6.0
41400000.0,138,7.3
0.0,42,7.4
7993040.0,408,7.7
0.0,162,4.8
0.0,6,7.2
0.0,38,5.8
927107.0,51,7.3
49526.0,129,7.0
10696.0,65,6.4
31607600.0,160,5.6
6857100.0,156,8.2
223878.0,21,6.5
828.0,31,6.4
8060.0,107,8.1
84263800.0,291,5.4
110029.0,31,6.3
57504100.0,183,7.8
54215400.0,63,6.8
0.0,33,7.2
31899000.0,201,7.1
24103600.0,54,6.2
16842300.0,418,7.3
13367100.0,166,5.9
0.0,171,7.2
10149800.0,160,3.6
6173480.0,84,7.7
4000300.0,375,7.3
2338700.0,263,7.4
2024850.0,21,6.6
2268300.0,119,6.9
1029020.0,135,6.8
64148.0,35,7.3
66637.0,92,7.2
0.0,18,6.5
871577.0,143,7.7
38400000.0,692,8.1
4063860.0,225,7.7
449558.0,75,7.6
0.0,300,7.3
0.0,25,8.7
2122560.0,434,7.2
181360000.0,350,7.2
137963000.0,505,8.1
119078000.0,1416,7.5
102309000.0,309,8.1
102300000.0,259,7.8
54800000.0,283,7.8
24004200.0,191,5.8
43650000.0,316,7.6
39800000.0,250,7.4
27457400.0,43,6.3
25047600.0,50,6.9
23272300.0,1182,8.6
22168400.0,227,5.1
21005300.0,258,6.4
26236600.0,547,7.9
20400000.0,87,6.9
18621200.0,340,7.5
25244700.0,284,7.2
14545800.0,38,5.8
13235300.0,32,2.9
12674200.0,70,6.2
17508900.0,272,7.3
12793200.0,73,6.2
0.0,44,8.2
11883500.0,278,6.8
11797900.0,52,6.1
17605900.0,351,7.7
11642300.0,287,5.2
9203190.0,136,6.8
7518880.0,5,6.5
8596910.0,148,7.0
6851640.0,182,5.9
11434900.0,130,7.1
5895240.0,70,5.5
6670710.0,101,7.4
5359770.0,131,7.3
4693920.0,78,4.6
4859480.0,520,7.2
4595000.0,160,7.0
4542780.0,73,5.1
3588430.0,93,6.7
4394940.0,190,5.3
0.0,315,8.4
3029080.0,231,7.8
3273590.0,50,6.7
0.0,5,5.4
2207980.0,190,7.2
2025240.0,105,5.8
1028340.0,78,6.4
0.0,287,8.0
2077050.0,75,7.0
0.0,50,7.0
267194.0,111,6.7
869325.0,16,3.8
399611.0,29,5.7
181798.0,36,6.6
115862.0,50,6.7
1346500.0,22,6.1
117560.0,29,6.2
54606.0,34,6.2
0.0,44,7.4
36497.0,37,4.7
23807.0,29,8.3
0.0,133,7.2
0.0,38,5.8
0.0,17,5.9
65804.0,86,6.3
0.0,19,7.2
0.0,39,5.4
0.0,50,8.2
0.0,228,7.3
3895660.0,149,7.3
20200.0,21,5.8
31874900.0,302,6.1
542860.0,37,7.1
0.0,11,6.5
0.0,124,7.9
15059.0,8,5.4
11905500.0,214,7.1
69582.0,21,6.4
0.0,42,8.4
32541700.0,438,6.7
3064360.0,81,6.9
7009670.0,36,2.1
352684.0,31,4.3
27024.0,148,6.6
531806.0,6,3.4
159600000.0,252,8.3
58800000.0,213,7.2
50382100.0,202,5.6
35811500.0,104,7.7
24475200.0,314,6.6
0.0,169,7.6
6200760.0,488,7.4
1292120.0,144,7.1
0.0,44,3.4
3629760.0,110,7.9
6239560.0,67,6.7
1056100.0,153,6.6
27545400.0,418,7.9
56007.0,69,4.9
611709.0,41,7.2
753501.0,664,7.4
22770.0,12,6.1
2197330.0,321,8.4
0.0,8,6.2
27445.0,31,5.3
766487.0,117,5.0
18434.0,47,7.7
1196750.0,121,7.6
0.0,70,6.3
795126.0,52,7.6
0.0,14,5.6
0.0,249,7.3
563699.0,27,6.2
83574800.0,269,6.6
87025100.0,864,6.6
71897200.0,440,7.3
64267900.0,327,6.6
56536000.0,95,6.9
104008000.0,314,5.8
50820900.0,159,4.4
44793200.0,311,6.6
43771300.0,279,7.1
44456500.0,81,7.6
53884800.0,247,4.6
36000000.0,69,6.8
0.0,73,7.1
34872300.0,252,4.9
34468200.0,533,7.3
0.0,108,7.2
32453300.0,155,5.0
0.0,356,8.2
27296500.0,340,8.0
25799000.0,126,5.2
25530900.0,2067,8.5
27689500.0,339,6.5
24138800.0,472,7.4
21994900.0,433,7.7
21501100.0,216,7.4
19281200.0,11,5.1
0.0,56,7.3
19421300.0,18,5.0
20733500.0,157,7.2
0.0,161,6.7
24809500.0,115,6.4
19098000.0,49,7.1
23031400.0,26,5.6
16017400.0,153,6.2
21197300.0,211,6.1
17383000.0,33,5.2
14821500.0,209,7.3
18656400.0,195,7.5
0.0,67,6.6
0.0,107,6.4
14344000.0,291,4.5
241437000.0,756,6.6
14123800.0,561,5.3
15126900.0,335,4.9
13622300.0,385,7.7
13464400.0,859,8.0
13350200.0,113,3.8
13270000.0,173,7.6
17768000.0,374,5.9
12947800.0,125,6.2
14100000.0,87,7.2
12200000.0,65,6.3
17683700.0,323,5.2
12055100.0,134,6.9
27286000.0,214,6.8
0.0,87,6.2
0.0,33,6.2
11675200.0,53,3.5
10572700.0,21,6.1
0.0,46,6.6
9658370.0,9,4.5
9628750.0,65,5.9
8786720.0,324,6.9
3432340.0,166,7.7
0.0,90,6.6
6755270.0,131,5.3
0.0,80,6.3
6157160.0,198,7.0
6088250.0,202,7.0
5480320.0,79,6.6
0.0,565,8.6
5308710.0,165,6.4
5009680.0,485,7.9
4328290.0,41,5.4
4074020.0,4,6.9
4306700.0,196,7.7
3950030.0,89,7.2
4040590.0,89,6.8
0.0,32,6.2
3049140.0,265,7.4
4700360.0,29,4.6
2711210.0,86,6.4
1980340.0,151,7.0
1082040.0,458,7.7
1100000.0,39,6.8
2445650.0,99,7.0
2221810.0,144,7.0
296665.0,158,6.3
3219030.0,125,7.1
0.0,56,5.6
830210.0,56,4.4
1040880.0,184,7.1
326308.0,69,6.1
240425.0,25,7.4
228830.0,22,7.5
0.0,27,7.2
223615.0,200,7.6
124720.0,15,7.3
0.0,23,6.2
99147.0,28,6.2
0.0,66,4.6
65069100.0,455,6.2
65087.0,108,6.2
16066.0,44,3.3
0.0,47,7.5
0.0,55,4.2
0.0,48,7.2
0.0,82,6.2
0.0,80,6.1
0.0,47,4.2
0.0,2,4.5
0.0,127,8.4
37440.0,60,7.5
0.0,1,6.7
0.0,15,5.1
0.0,3,5.5
0.0,47,4.4
0.0,3,4.4
0.0,153,6.8
0.0,2,6.7
0.0,4,4.8
0.0,14,3.4
617228.0,27,7.4
274385.0,26,7.3
24475400.0,309,8.0
0.0,112,6.5
47277300.0,1516,5.9
1247450.0,123,6.8
1729970.0,219,7.4
1705140.0,69,6.7
238774.0,70,6.8
0.0,11,5.4
8025870.0,258,5.5
0.0,106,7.4
778565.0,475,5.7
0.0,6,5.4
0.0,12,3.2
0.0,1,7.1
1340890.0,182,7.8
0.0,8,5.3
513836.0,21,7.2
0.0,3,6.2
434417.0,65,5.9
728.0,22,7.3
81200000.0,133,6.7
0.0,140,5.7
52700800.0,197,7.1
0.0,228,7.2
0.0,115,7.4
13060800.0,454,7.7
0.0,27,7.7
3798530.0,208,7.4
3609280.0,1916,8.4
0.0,55,7.1
1687310.0,40,7.2
0.0,89,7.5
10429700.0,125,5.4
727883.0,2110,8.1
1391770.0,14,6.0
713413.0,68,7.8
410241.0,199,6.8
278821.0,37,6.5
211667.0,131,7.7
706622.0,17,6.4
92191.0,84,6.5
49413.0,26,7.3
199652.0,40,6.6
181655.0,206,7.9
108229.0,137,5.9
0.0,7,4.7
112000000.0,760,8.7
0.0,4,5.9
0.0,61,6.7
0.0,178,8.5
0.0,74,8.4
8691.0,32,5.8
26345.0,99,6.1
6940280.0,346,7.3
188870.0,25,6.7
20772800.0,346,7.6
199228.0,49,7.2
0.0,62,6.2
34964800.0,186,5.8
0.0,726,5.2
0.0,23,8.1
2542260.0,48,7.1
1487480.0,310,6.5
62549000.0,148,7.3
105500000.0,152,6.2
101055.0,159,5.0
0.0,580,8.0
44566000.0,1848,7.8
39200000.0,491,8.1
36000000.0,107,6.7
65007000.0,657,6.1
31253000.0,522,7.1
131175.0,200,5.6
31968300.0,286,7.6
0.0,11,4.3
0.0,300,7.3
0.0,50,7.3
35385600.0,131,4.6
0.0,35,6.8
0.0,47,7.5
20803200.0,291,7.1
13008900.0,333,7.3
0.0,301,8.3
10941800.0,486,5.4
15152900.0,68,4.0
25359200.0,836,8.0
10515600.0,248,6.7
180012000.0,1368,5.7
10097100.0,38,4.6
9821340.0,10,4.0
8243880.0,215,7.0
0.0,121,7.4
7825820.0,156,5.9
7557880.0,37,4.6
14637500.0,136,4.8
7159150.0,308,7.5
17314500.0,48,4.7
6525760.0,425,6.7
0.0,89,6.3
4613820.0,58,6.0
4301330.0,177,6.7
4046740.0,390,7.1
3713000.0,62,2.7
3468570.0,78,7.3
2892580.0,202,7.6
2800000.0,85,5.8
2426850.0,76,6.5
1325070.0,91,6.6
0.0,287,6.2
864959.0,151,6.9
2601850.0,69,8.5
800000.0,35,4.8
1429260.0,71,6.6
0.0,20,5.7
562059.0,113,7.0
399793.0,70,5.4
0.0,110,7.1
371897.0,118,6.9
302204.0,53,6.6
354704.0,38,5.9
265107.0,93,6.3
185577.0,31,6.3
100412.0,7,7.7
58214.0,137,7.0
75078.0,26,6.3
64359.0,26,5.9
317125.0,87,6.2
0.0,40,5.0
146402.0,38,7.7
18469.0,141,6.5
0.0,47,6.1
12836.0,28,5.8
20262.0,10,6.1
0.0,42,6.0
0.0,97,6.3
0.0,50,6.3
0.0,3,7.5
0.0,129,7.6
4063.0,20,5.2
0.0,53,7.8
0.0,19,6.6
0.0,29,4.7
0.0,104,6.7
0.0,21,4.2
0.0,4,6.3
0.0,15,4.7
0.0,1,6.0
0.0,167,7.9
0.0,317,8.1
198655000.0,706,8.2
143653.0,10,6.0
14873.0,67,6.8
0.0,6,7.3
8000000.0,90,7.0
304137.0,148,7.3
0.0,35,7.5
37606.0,90,6.8
2956000.0,54,7.1
19959.0,14,6.9
2706660.0,172,6.9
61094900.0,332,6.9
0.0,147,8.4
0.0,334,7.9
45857500.0,174,7.2
83400000.0,427,7.8
0.0,14,3.5
27900000.0,157,7.3
27900000.0,96,7.5
0.0,92,7.8
14000000.0,118,6.0
0.0,62,7.3
0.0,128,8.0
0.0,83,7.6
0.0,74,7.0
0.0,199,7.5
25138300.0,452,6.8
10305500.0,38,3.9
9449220.0,98,6.1
6390030.0,229,7.5
20167400.0,231,8.2
0.0,419,7.2
0.0,52,4.8
5923040.0,537,7.8
3293260.0,131,5.2
0.0,236,3.3
886410.0,494,6.8
252652.0,199,7.0
220234.0,24,6.5
34350600.0,207,5.7
101228.0,53,6.4
96793.0,135,5.3
123777.0,15,4.7
0.0,11,6.1
0.0,20,5.5
0.0,4,7.3
0.0,12,4.8
0.0,55,8.4
29233.0,2,7.0
0.0,10,3.3
0.0,10,5.4
0.0,13,4.8
0.0,18,3.1
0.0,102,6.7
77413000.0,331,7.6
5354040.0,225,7.1
0.0,13,6.1
2926560.0,72,6.5
13092000.0,731,8.5
7563400.0,749,8.7
104257.0,160,7.1
0.0,13,6.6
17311.0,73,6.7
610968.0,249,8.3
0.0,458,8.1
8108250.0,174,7.4
0.0,75,6.6
0.0,3,4.5
7680.0,18,6.4
3766600.0,86,7.5
0.0,447,8.0
0.0,214,8.1
2277400.0,70,7.2
6517200.0,172,7.5
5776310.0,142,7.2
0.0,252,6.4
141600000.0,257,7.6
51100000.0,418,7.8
0.0,47,5.7
0.0,706,8.6
16501800.0,514,8.2
38168000.0,83,6.6
84749900.0,359,5.7
24788800.0,213,7.4
21244900.0,888,8.0
377420.0,20,7.3
30000000.0,327,5.4
20966600.0,94,7.4
64423600.0,578,5.7
48056900.0,524,6.8
19184000.0,35,5.4
0.0,141,8.1
0.0,150,6.1
24629900.0,34,5.1
0.0,55,5.6
19472100.0,307,5.9
27200000.0,273,8.2
15369600.0,54,5.3
0.0,111,6.8
0.0,241,8.3
15935100.0,317,4.3
0.0,137,6.7
11694500.0,72,7.2
229094.0,88,6.9
0.0,16,6.6
10017000.0,20,5.9
0.0,81,7.9
0.0,176,8.3
9016380.0,8,5.2
0.0,75,7.8
0.0,162,7.8
7059540.0,101,3.0
8114510.0,270,7.9
7888700.0,65,3.2
7282850.0,100,6.5
6879730.0,23,6.9
5844930.0,109,7.0
0.0,1,7.4
3222860.0,147,7.8
4170650.0,161,6.9
4142510.0,81,4.4
4109100.0,92,6.0
4033270.0,53,6.6
0.0,349,7.8
3902680.0,49,5.3
3559990.0,49,5.3
0.0,181,8.0
3287440.0,115,7.1
3071950.0,183,5.4
2961990.0,78,6.9
4063240.0,139,7.4
2912360.0,177,7.3
3000000.0,499,7.8
2223990.0,14,6.6
1821980.0,261,5.4
2181290.0,809,8.4
2848580.0,65,6.3
703002.0,230,6.1
3105270.0,8,5.0
0.0,196,6.9
252726.0,18,7.2
373060.0,112,7.3
1007540.0,54,5.7
0.0,33,5.0
418268.0,129,5.3
0.0,28,7.9
0.0,27,5.0
200803.0,71,5.3
33631200.0,145,6.0
0.0,20,7.6
95016.0,56,7.4
73678.0,8,5.9
143000.0,48,4.1
39852.0,25,6.7
22000.0,226,5.8
128937.0,31,6.2
0.0,39,5.3
0.0,24,3.3
334185000.0,736,6.5
0.0,1,6.2
5005.0,14,5.9
0.0,9,5.5
0.0,85,5.5
0.0,13,2.6
0.0,30,5.8
0.0,128,7.4
0.0,1,5.1
0.0,9,5.2
0.0,15,4.8
0.0,8,3.9
0.0,9,6.2
201148000.0,323,7.0
0.0,14,6.2
0.0,20,5.9
5595430.0,257,8.0
0.0,40,7.3
0.0,31,4.9
3123750.0,27,6.5
0.0,15,4.3
100675.0,23,6.4
0.0,310,7.6
3645440.0,539,6.8
0.0,32,6.1
0.0,17,4.0
22201600.0,206,7.4
25000000.0,350,8.3
19170000.0,270,5.3
22202600.0,533,8.1
86300000.0,315,8.0
952620.0,332,5.7
0.0,106,8.2
9054740.0,57,7.1
0.0,90,7.4
0.0,8,6.6
0.0,6,5.7
0.0,65,6.9
0.0,5,7.0
0.0,27,7.0
119500000.0,363,7.8
32600000.0,326,5.9
3826460.0,123,7.4
3130590.0,69,7.8
475000.0,53,6.0
10654600.0,260,5.3
2276370.0,37,7.9
38108.0,124,7.2
0.0,4,7.4
0.0,47,5.3
0.0,568,8.3
0.0,25,7.6
40041700.0,107,5.1
33349900.0,199,5.1
33386100.0,491,4.9
25809800.0,212,6.9
14400000.0,532,4.6
0.0,92,6.3
0.0,120,7.9
32230900.0,30,6.7
6401340.0,153,7.1
26781700.0,978,7.6
5400000.0,395,8.1
0.0,5,6.6
1282080.0,87,7.0
1186320.0,84,7.6
1095000.0,29,6.7
3325640.0,84,7.1
395592.0,134,7.6
6851970.0,178,7.1
333658.0,2,7.1
12995700.0,345,7.7
173783.0,34,7.6
118666.0,3,6.6
114324000.0,392,6.7
71904.0,18,5.7
99851.0,30,7.1
115504.0,26,6.2
5725.0,110,6.1
75727.0,40,5.9
322157.0,203,6.8
0.0,7,5.8
0.0,23,5.0
0.0,2,6.3
5731100.0,35,6.8
978908.0,90,5.1
438653.0,434,6.6
0.0,26,5.0
327919.0,192,7.7
0.0,82,3.1
0.0,28,6.5
178739.0,10,3.9
565592.0,63,6.8
0.0,46,7.0
27012.0,9,5.9
0.0,28,5.8
0.0,62,7.3
76400000.0,230,7.8
0.0,280,7.8
0.0,3,6.9
36200000.0,372,5.7
21300000.0,342,4.7
379643.0,29,5.9
12985300.0,63,5.9
0.0,9,4.3
0.0,29,7.5
0.0,4,4.8
0.0,14,5.8
0.0,6,5.3
0.0,46,6.0
23650000.0,235,8.1
510092.0,336,7.0
313436.0,95,7.6
3330.0,1,7.2
0.0,374,7.5
0.0,4,6.3
0.0,1,6.7
0.0,21,4.8
0.0,17,5.5
24800000.0,358,7.5
792966.0,40,5.1
0.0,24,7.4
0.0,128,7.3
14673300.0,631,6.9
0.0,78,6.8
0.0,471,8.4
9003010.0,294,7.6
11546500.0,146,7.6
0.0,207,7.7
11533900.0,434,7.6
12555200.0,154,5.3
11284700.0,407,8.5
34522200.0,175,7.0
0.0,167,8.0
0.0,34,7.1
7002260.0,312,7.8
6719300.0,132,7.2
6003590.0,226,7.5
5792820.0,492,8.0
5383830.0,361,8.1
4599680.0,545,6.8
0.0,113,7.4
6531490.0,297,7.2
4581220.0,156,8.1
0.0,29,7.0
3885130.0,243,7.4
4311830.0,129,8.3
3590010.0,60,6.1
3300230.0,346,7.5
3335840.0,222,7.0
2557670.0,22,5.3
2506450.0,172,4.7
7369370.0,74,5.7
0.0,62,8.1
4414540.0,224,7.8
1984380.0,206,6.5
2283280.0,156,8.0
1098220.0,30,3.3
1430180.0,55,8.3
1477000.0,72,6.9
0.0,26,7.3
1134050.0,44,8.1
977600.0,98,6.5
653621.0,64,6.8
110000.0,73,7.3
444354.0,111,6.4
535249.0,13,4.6
0.0,45,6.5
371081.0,86,7.0
347578.0,161,5.4
124494.0,102,6.7
0.0,1,2.8
120620.0,67,7.4
100669.0,11,5.8
0.0,21,7.1
186354.0,30,4.5
0.0,136,7.9
55202.0,17,5.3
0.0,18,5.4
549632.0,16,4.8
137945.0,40,5.9
17580.0,23,6.2
0.0,130,5.9
12667.0,90,6.6
198407.0,78,6.6
13973500.0,92,5.1
0.0,59,6.0
5824.0,357,6.8
2843.0,24,5.4
0.0,91,5.2
4958.0,23,7.8
0.0,41,6.4
0.0,235,6.1
0.0,53,5.7
0.0,64,5.5
0.0,105,7.1
13220.0,9,3.9
0.0,6,4.6
0.0,56,7.3
7927.0,175,7.7
0.0,31,4.9
0.0,67,6.3
0.0,26,6.1
0.0,19,6.6
2436.0,19,5.7
4556.0,23,5.6
0.0,36,6.0
0.0,20,5.7
0.0,72,7.0
0.0,15,5.3
0.0,14,4.4
0.0,25,3.4
0.0,22,4.5
0.0,17,3.4
4600000.0,111,7.1
1420580.0,122,6.4
0.0,15,5.2
1028660.0,447,7.0
466702.0,100,7.3
0.0,42,8.1
18435.0,15,5.8
35266600.0,371,5.9
95236.0,38,6.4
26505000.0,668,7.5
2957980.0,134,7.8
0.0,6,6.3
444044.0,19,7.2
40990100.0,300,5.6
1445370.0,75,7.2
0.0,233,8.0
0.0,839,8.5
5709620.0,110,6.8
12784400.0,269,7.3
0.0,91,5.5
3050930.0,78,7.3
841206.0,34,6.3
0.0,6,5.1
638476.0,45,6.6
0.0,17,6.1
505295.0,28,7.5
0.0,109,7.0
0.0,28,7.2
0.0,103,5.3
0.0,12,3.4
0.0,8,5.4
7267320.0,709,7.8
145540.0,277,6.7
0.0,9,4.7
0.0,1,6.3
12589100.0,58,7.4
0.0,95,6.1
35918400.0,510,7.5
92401.0,209,6.3
1943650.0,122,6.3
992238.0,103,6.8
4231500.0,162,7.8
396035.0,48,6.9
0.0,133,8.0
0.0,150,7.8
0.0,90,7.4
2507110.0,21,6.1
6026910.0,13,4.3
2592810.0,15,3.5
1060590.0,66,7.2
0.0,18,4.7
155972.0,23,7.3
0.0,313,7.9
129319.0,4,5.1
26893.0,26,7.2
2580.0,40,5.4
0.0,40,3.7
58885600.0,1057,7.4
19067600.0,204,7.1
11806100.0,210,6.8
0.0,245,8.2
7417210.0,408,7.0
7362100.0,232,7.4
7022940.0,190,6.7
190666.0,20,5.7
0.0,1,9.1
0.0,161,7.6
5132220.0,83,7.2
2365930.0,318,7.5
53991100.0,752,6.8
0.0,148,6.9
1221260.0,125,7.9
2408550.0,33,7.6
712294.0,68,6.7
3447340.0,79,5.8
418953.0,93,6.5
406035.0,159,7.2
402820.0,57,6.9
0.0,3,5.5
373967.0,481,6.5
194568.0,28,6.2
0.0,14,6.7
0.0,235,5.7
163245.0,211,8.6
119841.0,55,6.5
173066.0,88,6.3
92362.0,5,4.3
105943.0,11,6.1
0.0,26,6.0
183490.0,8,5.8
3478.0,142,6.7
52166.0,22,6.7
1163510.0,166,5.1
0.0,83,6.8
0.0,70,6.8
0.0,10,6.8
0.0,7,6.3
0.0,13,7.1
0.0,10,2.8
0.0,1,8.2
0.0,18,3.1
80033600.0,448,7.0
0.0,42,3.3
0.0,2,3.6
184925000.0,204,7.7
304124.0,37,6.7
0.0,41,5.5
36830.0,63,6.6
0.0,8,4.8
0.0,33,5.5
231186.0,16,6.3
0.0,6,6.9
0.0,155,6.5
3650680.0,523,8.2
0.0,2,7.1
0.0,13,7.3
1647780.0,258,8.1
695229.0,65,7.2
638951.0,19,7.4
609042.0,38,6.5
1521.0,10,5.7
32940500.0,127,6.1
0.0,79,7.7
0.0,24,8.7
0.0,46,4.3
19539.0,53,6.2
100358.0,24,3.3
0.0,42,2.7
0.0,38,5.2
0.0,276,8.2
19100000.0,394,6.1
0.0,136,8.0
0.0,88,5.5
2833380.0,11,5.7
0.0,3,3.7
0.0,116,7.1
0.0,124,7.8
0.0,17,7.3
0.0,9,4.1
24741700.0,95,7.2
55153400.0,1509,7.7
18488300.0,333,7.1
0.0,1,7.6
11278.0,2,7.0
79363800.0,698,5.5
13877000.0,214,7.4
9180280.0,231,7.7
0.0,150,7.2
22494500.0,507,7.8
2199850.0,186,6.6
2859960.0,32,6.0
2812030.0,931,8.4
0.0,25,6.5
6100000.0,780,8.9
375723.0,26,7.9
594904.0,89,6.0
58936.0,4,6.1
24784.0,10,7.4
7826.0,2,6.2
0.0,16,5.6
3830.0,1,7.2
0.0,38,6.1
0.0,35,3.8
0.0,52,7.1
0.0,11,4.5
0.0,51,3.8
2850260.0,70,6.2
0.0,27,6.6
0.0,7,4.6
0.0,2,4.2
16101100.0,236,6.8
6013.0,207,7.7
0.0,6,7.1
1400000.0,37,5.9
247740.0,8,4.7
39659.0,32,7.0
0.0,36,6.9
56129.0,82,6.1
4105120.0,316,7.6
0.0,15,3.0
0.0,10,2.6
0.0,1123,8.6
0.0,85,6.1
0.0,35,7.5
0.0,199,6.7
117235000.0,542,8.1
0.0,2,4.9
21378000.0,335,6.8
0.0,56,6.8
31537300.0,309,5.7
0.0,881,8.3
17986000.0,195,6.6
16067000.0,389,7.3
18112900.0,271,5.0
14564000.0,335,7.0
20773100.0,102,3.4
10042300.0,220,5.9
10037400.0,140,6.0
9701560.0,283,7.4
9013110.0,230,7.4
53245100.0,290,4.2
9000000.0,137,6.2
0.0,36,6.2
23808100.0,504,7.5
0.0,69,7.2
5355380.0,67,7.2
7186670.0,164,5.4
0.0,5,7.0
5997130.0,126,7.2
4417120.0,183,7.9
5355850.0,82,6.8
3386700.0,86,6.7
143493000.0,881,7.5
5283380.0,79,6.8
2981640.0,186,6.9
3122620.0,73,6.8
2508840.0,93,7.2
4946250.0,80,7.4
1950220.0,102,5.6
1277260.0,32,6.8
45857500.0,174,7.2
1677840.0,155,7.7
1744860.0,120,7.0
0.0,366,7.2
80021700.0,154,6.4
982214.0,51,7.2
798341.0,63,7.2
610991.0,19,6.2
0.0,131,6.9
582024.0,168,6.2
548712.0,126,6.9
464655.0,29,7.0
464126.0,68,6.7
428535.0,32,3.6
750100.0,61,6.3
621240.0,32,7.4
104077.0,88,7.4
334658.0,160,7.3
279282.0,49,6.1
43982800.0,593,6.7
484221.0,107,8.2
274661.0,40,7.7
144431.0,13,7.3
227241.0,2,7.4
112521.0,16,5.7
287761.0,16,7.6
100240.0,11,6.8
96734.0,5,5.6
49000.0,30,4.8
100659.0,193,6.4
48430.0,73,6.8
21210.0,52,6.1
0.0,43,5.2
22434.0,17,6.9
12996.0,54,6.0
0.0,6,6.3
10018.0,31,6.1
62480.0,7,5.5
6387.0,37,6.9
5494.0,13,5.6
0.0,9,1.9
721.0,12,4.1
703.0,21,5.4
0.0,15,6.8
0.0,15,7.0
0.0,75,6.7
0.0,8,5.8
0.0,26,6.2
0.0,28,2.8
0.0,7,7.3
0.0,22,5.8
0.0,24,6.5
0.0,39,5.1
0.0,14,2.2
0.0,7,7.2
0.0,12,5.7
0.0,1,3.4
0.0,6,3.8
0.0,47,4.7
0.0,41,5.6
0.0,24,3.9
0.0,16,5.4
0.0,19,5.2
0.0,30,3.5
0.0,1,5.3
2319190.0,212,7.0
0.0,55,7.1
0.0,56,5.5
0.0,14,5.9
0.0,64,6.0
0.0,4,4.8
0.0,3,7.1
9600000.0,281,8.2
20186.0,15,5.7
1185780.0,172,7.9
0.0,3,7.3
1007960.0,651,7.1
381186.0,90,6.4
439958.0,43,5.9
16097800.0,168,7.5
6643.0,39,6.4
102797000.0,136,7.4
442638.0,23,7.3
42919100.0,122,6.5
819939.0,252,7.2
0.0,2,6.7
0.0,3,7.1
1243960.0,34,6.0
3094690.0,61,6.7
15278.0,158,5.6
0.0,72,7.0
0.0,23,4.9
0.0,6,3.2
7098490.0,264,8.4
0.0,6,6.9
4771000.0,174,7.5
1001440.0,28,7.2
2073980.0,135,7.2
9950.0,84,8.0
0.0,1,7.4
0.0,11,7.2
144583.0,79,6.5
0.0,30,7.2
58163.0,3,4.2
35688.0,72,5.1
41709.0,200,6.4
1310270.0,157,6.8
0.0,3,6.2
115000000.0,238,7.5
0.0,24,7.7
5518920.0,73,6.9
4007790.0,260,7.0
7705970.0,8,7.5
26297.0,209,6.3
77501.0,247,5.5
42638200.0,230,4.8
0.0,101,8.1
47329.0,31,6.6
18378.0,74,5.2
0.0,129,5.6
0.0,30,3.1
0.0,333,8.1
7830610.0,74,8.3
3278610.0,46,7.1
0.0,11,8.1
1141830.0,109,7.2
0.0,17,6.3
0.0,10,4.0
218051000.0,2618,7.2
32048800.0,576,5.3
2694970.0,189,7.2
10508.0,6,6.5
2301780.0,36,6.5
0.0,1,4.9
169719.0,79,5.2
0.0,8,7.4
0.0,1,7.4
0.0,27,5.4
0.0,5,3.9
0.0,19,5.3
3000000.0,98,7.8
140530000.0,3400,6.4
13300000.0,63,8.1
0.0,109,6.5
171988.0,16,5.6
23616.0,4,5.6
13493.0,19,6.6
0.0,2,7.7
0.0,13,7.0
0.0,1,8.0
0.0,1,7.2
0.0,9,4.5
515005.0,219,7.7
2245.0,2,7.2
0.0,9,6.1
0.0,2,6.4
33451500.0,215,6.5
0.0,3,7.0
39552600.0,36,6.1
30500900.0,916,5.7
0.0,3,5.4
17000000.0,84,5.9
8044910.0,65,7.5
5739380.0,286,7.7
3773860.0,55,7.1
3117670.0,43,7.4
2047570.0,80,7.6
1250800.0,53,6.4
1127330.0,77,7.4
906666.0,5,6.8
1114940.0,74,6.5
1111620.0,34,6.0
985341.0,87,7.3
603943.0,154,7.3
334041.0,21,6.5
295468.0,34,6.0
243347.0,24,5.3
154077.0,53,6.6
342936.0,106,6.1
151389.0,7,7.1
269061.0,596,8.7
133778.0,9,8.4
0.0,24,5.8
52850.0,12,6.2
98017.0,170,5.8
177344000.0,214,6.7
31937.0,10,5.7
13134.0,32,6.1
237301.0,451,6.4
0.0,11,5.0
12055.0,10,6.5
1332.0,20,4.6
0.0,9,7.7
0.0,11,7.3
0.0,10,6.6
316842.0,68,6.4
0.0,3,5.8
0.0,3,7.2
0.0,54,7.2
0.0,28,3.5
0.0,16,2.2
37188700.0,578,3.3
0.0,45,6.6
0.0,1,6.9
0.0,2,4.0
0.0,20,7.4
0.0,1,8.3
0.0,4,5.7
21199.0,10,6.8
0.0,1,5.2
234903000.0,511,6.4
0.0,147,6.2
2712290.0,11,5.9
768045.0,120,7.7
0.0,5,4.3
379122.0,54,7.1
23000.0,58,6.2
0.0,3,6.8
2300000.0,97,7.7
0.0,10,8.2
2938210.0,52,7.5
9910.0,94,7.6
0.0,6,4.1
44541000.0,1473,6.9
258113.0,135,7.1
107917000.0,1189,6.3
1293300.0,88,7.7
1229200.0,660,8.3
1690000.0,48,7.1
11798.0,18,4.7
0.0,379,7.7
592014.0,114,7.2
425899.0,31,5.1
0.0,5,5.4
126387.0,253,6.9
0.0,82,8.2
80276900.0,151,6.1
0.0,52,6.1
0.0,64,6.9
25918.0,10,5.8
0.0,5,6.0
0.0,197,8.2
0.0,88,8.0
617172.0,75,7.0
2808000.0,71,6.3
0.0,740,7.6
12843.0,131,6.1
34151.0,3,7.2
1523880.0,70,7.8
4000000.0,46,4.7
84689.0,16,7.5
0.0,323,6.7
0.0,8,3.4
47000000.0,1191,7.9
0.0,888,8.9
246574.0,15,6.9
0.0,235,8.2
110197.0,170,7.3
7707560.0,32,8.0
1281180.0,73,6.7
16115900.0,194,6.6
1652470.0,25,6.9
2360180.0,177,7.1
0.0,7,5.6
255352.0,57,6.7
856942.0,112,7.1
0.0,23,5.2
0.0,74,7.7
32631.0,8,7.5
16892.0,12,7.6
12438.0,26,8.1
40542.0,16,5.5
5199.0,23,6.6
0.0,18,3.2
24343700.0,524,7.4
1711.0,1,6.6
0.0,147,6.2
2468.0,5,4.8
0.0,4,4.5
0.0,7,7.2
0.0,1,4.3
0.0,58,4.5
0.0,58,6.4
318622.0,175,6.4
12006500.0,500,7.3
4186930.0,85,6.9
3799340.0,138,7.2
1977540.0,36,6.5
1050600.0,136,6.6
902835.0,40,6.7
489220.0,696,7.3
212285.0,21,6.4
203134.0,21,7.0
191309.0,64,5.5
3388210.0,150,6.7
0.0,2,4.3
177840.0,22,6.1
47111.0,11,6.8
49494.0,87,3.9
0.0,59,8.5
0.0,15,6.9
45661.0,32,7.3
0.0,120,6.9
18195.0,7,6.3
0.0,18,2.5
0.0,8,5.7
0.0,215,7.0
0.0,10,6.2
0.0,18,4.5
0.0,1,7.8
0.0,28,4.4
0.0,56,7.4
0.0,1,6.6
0.0,2,8.0
0.0,45,8.3
0.0,1,6.5
0.0,2,7.1
104792.0,145,7.1
0.0,4,4.0
111300.0,6,7.5
1027120.0,73,7.0
0.0,5,4.0
5000000.0,88,6.7
0.0,108,7.2
0.0,303,7.0
4505920.0,252,7.4
3500000.0,235,8.0
0.0,59,6.5
381225.0,13,7.2
2428240.0,26,6.4
78030.0,10,6.5
59774.0,18,6.8
174682.0,14,6.9
215185.0,2,7.5
32154400.0,274,7.1
0.0,112,5.1
0.0,1,6.2
0.0,22,3.9
140016.0,40,6.0
0.0,1,6.8
0.0,4,7.4
0.0,49,8.1
15542.0,51,6.5
0.0,638,8.0
1111.0,10,7.7
0.0,32,7.2
0.0,10,5.4
0.0,1,6.7
0.0,1,6.3
0.0,3,8.1
925402.0,130,8.5
469947.0,68,7.7
7137500.0,26,6.5
0.0,1,8.7
0.0,1,6.5
1316070.0,228,7.0
0.0,28,5.8
15180000.0,50,5.5
2882060.0,101,6.3
9437930.0,329,7.9
110720.0,22,7.3
155984.0,9,7.4
0.0,27,5.4
0.0,1,7.1
30859000.0,826,7.5
0.0,126,8.4
4914.0,2,7.0
0.0,9,5.3
5858.0,2,7.1
6706370.0,133,7.5
0.0,106,6.1
0.0,3,7.2
405614.0,69,6.7
0.0,7,6.6
1573710.0,62,6.7
0.0,46,7.0
0.0,46,7.0
0.0,580,8.0
0.0,10,7.4
0.0,8,5.4
0.0,5,5.7
10174700.0,382,6.7
22757800.0,150,4.2
0.0,535,7.4
3000000.0,1,4.8
5228620.0,32,7.0
2643690.0,113,7.3
0.0,10,5.8
110536.0,118,7.0
0.0,4,3.2
59379.0,52,6.8
0.0,23,7.7
0.0,44,5.6
0.0,9,7.1
0.0,1,3.6
0.0,19,6.8
0.0,1,7.6
32721600.0,279,6.6
0.0,13,8.3
3216970.0,586,7.5
33598.0,15,5.4
536767.0,83,5.3
0.0,18,4.5
11529400.0,404,7.3
40557.0,22,5.6
30084.0,23,5.6
0.0,152,4.1
0.0,8,6.8
0.0,4,6.3
0.0,136,5.8
10246600.0,36,6.6
0.0,40,6.7
0.0,9,6.4
389804.0,35,6.3
0.0,5,3.4
0.0,3,4.7
0.0,1,6.0
0.0,99,7.3
0.0,10,7.9
0.0,180,6.1
0.0,2,7.4
0.0,7,6.6
0.0,4,5.5
241816.0,76,7.5
277233.0,26,7.6
0.0,2,5.0
0.0,6,3.2
321952.0,113,8.2
0.0,5,3.7
24705.0,10,6.3
243768.0,9,4.1
0.0,23,6.9
0.0,2,5.4
9609.0,22,6.5
3151130.0,615,7.8
8231.0,16,6.7
0.0,61,6.4
2856620.0,197,7.3
10500000.0,212,5.7
0.0,21,7.0
0.0,129,6.3
1227510.0,80,7.1
0.0,2,4.8
0.0,3,3.3
0.0,49,6.9
0.0,33,4.6
0.0,8,3.0
192467.0,71,6.6
0.0,1,7.4
76382.0,8,6.2
0.0,35,4.0
180483.0,183,6.1
136007.0,39,6.9
673780.0,26,7.5
0.0,1,6.7
94596.0,50,7.4
0.0,3,6.1
0.0,8,5.4
0.0,14,6.4
424760.0,371,7.0
70071.0,35,6.3
2040920.0,130,6.9
0.0,1,7.8
4584.0,14,6.4
0.0,6,7.7
0.0,359,7.5
0.0,3,6.3
10443.0,9,6.3
85222.0,84,6.6
